film_description,frequency
A Boring Saga of a Database Administrator And a Womanizer who must Battle a Waitress in Nigeria,1
A Thrilling Documentary of a Husband And a Feminist who must Face a Mad Scientist in Ancient China,1
A Astounding Story of a Girl And a Boy who must Challenge a Composer in New Orleans,1
A Insightful Tale of a Database Administrator And a Dog who must Face a Madman in Soviet Georgia,1
A Amazing Character Study of a Mad Cow And a Squirrel who must Discover a Hunter in A U-Boat,1
A Thrilling Tale of a Butler And a Astronaut who must Battle a Explorer in The First Manned Space Station,1
A Touching Display of a Hunter And a Secret Agent who must Redeem a Husband in The Outback,1
A Unbelieveable Story of a Composer And a Dog who must Overcome a Womanizer in An Abandoned Amusement Park,1
A Awe-Inspiring Character Study of a Boy And a Feminist who must Sink a Crocodile in Ancient China,1
A Thrilling Display of a Pioneer And a Frisbee who must Escape a Teacher in The Outback,1
A Emotional Display of a Man And a Dentist who must Challenge a Squirrel in Australia,1
A Unbelieveable Documentary of a Teacher And a Monkey who must Defeat a Explorer in A U-Boat,1
A Touching Yarn of a Frisbee And a Dentist who must Fight a Composer in Ancient Japan,1
A Emotional Saga of a Car And a Madman who must Discover a Pioneer in California,1
A Amazing Epistle of a Moose And a Crocodile who must Outrace a Dog in Berlin,1
A Brilliant Documentary of a Astronaut And a Squirrel who must Succumb a Student in The Gulf of Mexico,1
A Epic Tale of a Moose And a Girl who must Confront a Monkey in Ancient India,1
A Beautiful Character Study of a Mad Cow And a Robot who must Reach a Womanizer in New Orleans,1
A Insightful Drama of a Mad Scientist And a Hunter who must Defeat a Pastry Chef in New Orleans,1
A Fateful Documentary of a Robot And a Student who must Battle a Cat in A Monastery,1
A Brilliant Epistle of a Teacher And a Sumo Wrestler who must Defeat a Man in An Abandoned Fun House,1
A Taut Tale of a Butler And a Mad Scientist who must Build a Crocodile in Ancient China,1
A Awe-Inspiring Drama of a Car And a Pastry Chef who must Chase a Crocodile in The First Manned Space Station,1
A Lacklusture Yarn of a Sumo Wrestler And a Squirrel who must Redeem a Monkey in Soviet Georgia,1
A Emotional Epistle of a Forensic Psychologist And a Butler who must Challenge a Waitress in An Abandoned Mine Shaft,1
A Thrilling Panorama of a Man And a Woman who must Reach a Woman in Australia,1
A Action-Packed Story of a Pioneer And a Technical Writer who must Discover a Forensic Psychologist in An Abandoned Amusement Park,1
A Emotional Character Study of a Robot And a A Shark who must Defeat a Technical Writer in A Manhattan Penthouse,1
A Lacklusture Documentary of a Madman And a Mad Cow who must Find a Feminist in Ancient Japan,1
A Action-Packed Yarn of a Feminist And a Technical Writer who must Sink a Boat in An Abandoned Mine Shaft,1
A Astounding Saga of a Mad Cow And a Pastry Chef who must Discover a Husband in Ancient India,1
A Epic Reflection of a Womanizer And a Squirrel who must Discover a Husband in A Jet Boat,1
A Amazing Yarn of a Sumo Wrestler And a Boat who must Conquer a Waitress in New Orleans,1
A Intrepid Yarn of a Car And a Moose who must Outrace a Crocodile in A Manhattan Penthouse,1
A Thrilling Epistle of a Boy And a Boat who must Find a Student in Soviet Georgia,1
A Awe-Inspiring Reflection of a Dog And a Student who must Kill a Car in An Abandoned Fun House,1
A Unbelieveable Yarn of a Boat And a Database Administrator who must Meet a Boy in The First Manned Space Station,1
A Thrilling Display of a Mad Cow And a Dog who must Challenge a Frisbee in Nigeria,1
A Boring Drama of a Man And a Forensic Psychologist who must Face a Frisbee in Ancient India,1
A Unbelieveable Yarn of a Mad Scientist And a Cat who must Chase a Lumberjack in Australia,1
A Touching Documentary of a Pastry Chef And a Pastry Chef who must Build a Mad Scientist in California,1
A Insightful Character Study of a Mad Cow And a Forensic Psychologist who must Conquer a A Shark in A Manhattan Penthouse,1
A Awe-Inspiring Documentary of a Moose And a Madman who must Meet a Dog in An Abandoned Mine Shaft,1
A Touching Tale of a Cat And a Pastry Chef who must Conquer a Pastry Chef in A MySQL Convention,1
A Taut Saga of a Lumberjack And a Pastry Chef who must Escape a Sumo Wrestler in An Abandoned Fun House,1
A Thrilling Drama of a Madman And a Dentist who must Conquer a Boy in The Outback,1
A Unbelieveable Panorama of a Frisbee And a Hunter who must Vanquish a Monkey in Ancient India,1
A Insightful Drama of a A Shark And a Pioneer who must Find a Womanizer in The Outback,1
A Fanciful Drama of a Moose And a Squirrel who must Conquer a Pioneer in The Canadian Rockies,1
A Emotional Character Study of a Car And a Girl who must Face a Composer in A U-Boat,1
A Awe-Inspiring Story of a Monkey And a Pastry Chef who must Succumb a Womanizer in A MySQL Convention,1
A Taut Drama of a Mad Scientist And a Man who must Escape a Pioneer in An Abandoned Mine Shaft,1
A Thrilling Yarn of a Database Administrator And a Robot who must Battle a Database Administrator in Ancient India,1
A Beautiful Documentary of a Astronaut And a Crocodile who must Discover a Madman in A Monastery,1
A Stunning Epistle of a Man And a Husband who must Reach a Mad Scientist in A Jet Boat,1
A Amazing Epistle of a Girl And a Woman who must Outrace a Waitress in Soviet Georgia,1
A Touching Reflection of a Man And a Monkey who must Pursue a Womanizer in A MySQL Convention,1
A Awe-Inspiring Documentary of a A Shark And a Dentist who must Outrace a Pastry Chef in The Canadian Rockies,1
A Action-Packed Panorama of a Technical Writer And a Man who must Build a Forensic Psychologist in A Manhattan Penthouse,1
A Intrepid Story of a Madman And a Secret Agent who must Outrace a Astronaut in An Abandoned Amusement Park,1
A Stunning Reflection of a Cat And a Woman who must Find a Astronaut in Ancient Japan,1
A Insightful Character Study of a Waitress And a Crocodile who must Sink a Waitress in The Gulf of Mexico,1
A Intrepid Reflection of a Technical Writer And a Hunter who must Defeat a Sumo Wrestler in A Monastery,1
A Fateful Reflection of a Dog And a Mad Cow who must Outrace a Teacher in An Abandoned Mine Shaft,1
A Action-Packed Display of a Man And a Waitress who must Build a Dog in A MySQL Convention,1
A Touching Documentary of a Dentist And a Sumo Wrestler who must Overcome a Boy in The Gulf of Mexico,1
A Stunning Saga of a Mad Scientist And a Forensic Psychologist who must Challenge a Squirrel in A MySQL Convention,1
A Beautiful Yarn of a Teacher And a Cat who must Build a Car in A U-Boat,1
A Emotional Documentary of a Student And a Girl who must Build a Boat in Nigeria,1
A Intrepid Character Study of a Squirrel And a A Shark who must Kill a Lumberjack in California,1
A Unbelieveable Epistle of a Dog And a Woman who must Confront a Moose in The Gulf of Mexico,1
A Intrepid Yarn of a Monkey And a Boy who must Fight a Composer in A Manhattan Penthouse,1
A Lacklusture Display of a Waitress And a Lumberjack who must Chase a Pioneer in New Orleans,1
A Intrepid Documentary of a Boat And a Crocodile who must Chase a Robot in The Sahara Desert,1
A Beautiful Display of a Pastry Chef And a Pastry Chef who must Outgun a Forensic Psychologist in A Manhattan Penthouse,1
A Astounding Documentary of a Hunter And a Boy who must Confront a Boy in A MySQL Convention,1
A Insightful Story of a Man And a Husband who must Overcome a Madman in A Monastery,1
A Fast-Paced Tale of a Butler And a Moose who must Overcome a Pioneer in A Manhattan Penthouse,1
A Fanciful Yarn of a Database Administrator And a Mad Cow who must Pursue a Womanizer in Berlin,1
A Unbelieveable Epistle of a Sumo Wrestler And a Hunter who must Build a Composer in Berlin,1
A Astounding Saga of a Mad Scientist And a Hunter who must Pursue a Robot in A Baloon Factory,1
A Emotional Drama of a Husband And a Girl who must Outgun a Composer in The First Manned Space Station,1
A Thoughtful Saga of a A Shark And a Monkey who must Outgun a Student in Ancient China,1
A Beautiful Documentary of a Forensic Psychologist And a Cat who must Reach a Astronaut in Nigeria,1
A Beautiful Drama of a Pioneer And a Crocodile who must Challenge a Student in The Outback,1
A Insightful Documentary of a Hunter And a Dentist who must Confront a Crocodile in A Baloon,1
A Lacklusture Drama of a Waitress And a Husband who must Fight a Husband in California,1
A Thrilling Yarn of a Pastry Chef And a A Shark who must Challenge a Mad Scientist in The Outback,1
A Thrilling Saga of a Monkey And a Frisbee who must Escape a Explorer in The Outback,1
A Emotional Epistle of a Moose And a Composer who must Fight a Technical Writer in The Outback,1
A Fateful Tale of a Mad Cow And a Crocodile who must Meet a Husband in New Orleans,1
A Fateful Saga of a Womanizer And a Student who must Defeat a Butler in A Monastery,1
A Action-Packed Display of a Feminist And a Pioneer who must Pursue a Dog in A Baloon Factory,1
A Taut Saga of a Robot And a Database Administrator who must Challenge a Astronaut in California,1
A Action-Packed Drama of a Feminist And a Girl who must Reach a Robot in The Canadian Rockies,1
A Fast-Paced Character Study of a Dentist And a Moose who must Defeat a Composer in The First Manned Space Station,1
A Fast-Paced Character Study of a Crocodile And a Lumberjack who must Build a Husband in An Abandoned Fun House,1
A Touching Epistle of a Monkey And a Feminist who must Discover a Boat in Berlin,1
A Thrilling Yarn of a Waitress And a Dentist who must Find a Hunter in A Monastery,1
A Astounding Reflection of a Squirrel And a Sumo Wrestler who must Sink a Dentist in Ancient Japan,1
A Fast-Paced Drama of a Hunter And a Boy who must Discover a Feminist in The Sahara Desert,1
A Emotional Drama of a Dog And a Explorer who must Outrace a Technical Writer in Australia,1
A Taut Story of a Waitress And a Man who must Face a Car in A Baloon Factory,1
A Boring Epistle of a Sumo Wrestler And a Woman who must Escape a Man in The Canadian Rockies,1
A Thoughtful Panorama of a Man And a Car who must Sink a Composer in Berlin,1
A Astounding Story of a Dog And a Squirrel who must Defeat a Woman in An Abandoned Amusement Park,1
A Taut Story of a Waitress And a Crocodile who must Outrace a Lumberjack in A Shark Tank,1
A Fanciful Documentary of a Frisbee And a Lumberjack who must Chase a Monkey in A Shark Tank,1
A Intrepid Epistle of a Woman And a Forensic Psychologist who must Succumb a Astronaut in A Manhattan Penthouse,1
A Unbelieveable Tale of a Pioneer And a Astronaut who must Overcome a Robot in An Abandoned Amusement Park,1
A Fast-Paced Drama of a Squirrel And a Robot who must Succumb a Technical Writer in A Manhattan Penthouse,1
A Awe-Inspiring Story of a Student And a Frisbee who must Conquer a Crocodile in An Abandoned Mine Shaft,1
A Fateful Story of a Explorer And a Feminist who must Meet a Technical Writer in Soviet Georgia,1
A Touching Tale of a Girl And a Crocodile who must Discover a Waitress in Nigeria,1
A Beautiful Documentary of a Woman And a Pioneer who must Pursue a Mad Scientist in A Shark Tank,1
A Emotional Drama of a A Shark And a Database Administrator who must Vanquish a Pioneer in Soviet Georgia,1
A Beautiful Tale of a Hunter And a Mad Scientist who must Confront a Squirrel in The First Manned Space Station,1
A Fateful Panorama of a Technical Writer And a Moose who must Battle a Robot in Soviet Georgia,1
A Epic Display of a Car And a Composer who must Overcome a Forensic Psychologist in The Gulf of Mexico,1
A Fateful Tale of a Technical Writer And a Composer who must Pursue a Explorer in The Gulf of Mexico,1
A Epic Yarn of a Robot And a Explorer who must Challenge a Girl in A MySQL Convention,1
A Lacklusture Story of a Moose And a Monkey who must Confront a Butler in An Abandoned Amusement Park,1
A Boring Documentary of a Pioneer And a Man who must Vanquish a Man in Nigeria,1
A Lacklusture Story of a Madman And a Teacher who must Kill a Frisbee in The Gulf of Mexico,1
A Boring Tale of a Composer And a Mad Cow who must Defeat a Car in The Outback,1
A Fanciful Character Study of a Monkey And a Explorer who must Build a Astronaut in An Abandoned Fun House,1
A Fast-Paced Display of a Car And a Database Administrator who must Battle a Woman in A Baloon,1
A Taut Epistle of a Mad Scientist And a Girl who must Escape a Monkey in California,1
A Action-Packed Reflection of a Composer And a Mad Scientist who must Face a Pioneer in A MySQL Convention,1
A Touching Reflection of a Mad Scientist And a Boat who must Face a Moose in A Shark Tank,1
A Brilliant Saga of a Boat And a Mad Scientist who must Meet a Moose in Ancient India,1
A Fast-Paced Documentary of a Dog And a Teacher who must Find a Moose in A Manhattan Penthouse,1
A Astounding Epistle of a Technical Writer And a Teacher who must Fight a Squirrel in The Sahara Desert,1
A Lacklusture Epistle of a Database Administrator And a Woman who must Meet a Hunter in An Abandoned Mine Shaft,1
A Lacklusture Epistle of a Dentist And a Technical Writer who must Find a Dog in A Monastery,1
A Insightful Story of a Lumberjack And a Hunter who must Kill a Boy in Ancient Japan,1
A Boring Drama of a Explorer And a Man who must Kill a Lumberjack in A Manhattan Penthouse,1
A Brilliant Yarn of a Cat And a Car who must Confront a Explorer in Ancient Japan,1
A Boring Story of a Womanizer And a Pioneer who must Face a Dog in California,1
A Thrilling Epistle of a Boat And a Secret Agent who must Face a Boy in A Baloon,1
A Amazing Saga of a Man And a Dentist who must Reach a Technical Writer in Ancient India,1
A Brilliant Character Study of a Frisbee And a Sumo Wrestler who must Confront a Woman in The Gulf of Mexico,1
A Action-Packed Panorama of a Husband And a Feminist who must Meet a Forensic Psychologist in Ancient Japan,1
A Fateful Saga of a Sumo Wrestler And a Hunter who must Redeem a A Shark in New Orleans,1
A Fanciful Character Study of a Student And a Explorer who must Succumb a Composer in An Abandoned Mine Shaft,1
A Intrepid Yarn of a Husband And a Womanizer who must Pursue a Mad Scientist in New Orleans,1
A Amazing Yarn of a Hunter And a Butler who must Defeat a Boy in A Jet Boat,1
A Taut Yarn of a Astronaut And a Technical Writer who must Outgun a Boat in New Orleans,1
A Awe-Inspiring Drama of a Technical Writer And a Composer who must Reach a Pastry Chef in A U-Boat,1
A Beautiful Saga of a Feminist And a Composer who must Challenge a Moose in Berlin,1
A Thoughtful Display of a Explorer And a Pastry Chef who must Overcome a Feminist in The Sahara Desert,1
A Unbelieveable Panorama of a Technical Writer And a Man who must Pursue a Frisbee in A U-Boat,1
A Thrilling Yarn of a Pastry Chef And a Monkey who must Battle a Monkey in A Shark Tank,1
A Taut Character Study of a Woman And a A Shark who must Confront a Frisbee in Berlin,1
A Emotional Drama of a Mad Cow And a Boat who must Redeem a Secret Agent in A Shark Tank,1
A Taut Documentary of a Car And a Robot who must Conquer a Boy in The Canadian Rockies,1
A Stunning Character Study of a Mad Scientist And a Mad Cow who must Kill a Car in A Monastery,1
A Fast-Paced Reflection of a Composer And a Composer who must Meet a Cat in The Sahara Desert,1
A Intrepid Drama of a Frisbee And a Hunter who must Kill a Secret Agent in New Orleans,1
A Touching Epistle of a Crocodile And a Teacher who must Build a Forensic Psychologist in A MySQL Convention,1
A Insightful Display of a Lumberjack And a Sumo Wrestler who must Meet a Man in The Outback,1
A Beautiful Reflection of a Monkey And a Dentist who must Face a Database Administrator in Ancient Japan,1
A Fanciful Character Study of a Technical Writer And a Husband who must Redeem a Robot in The Outback,1
A Fanciful Panorama of a Husband And a Pioneer who must Outgun a Dog in A Baloon,1
A Astounding Story of a Forensic Psychologist And a Cat who must Battle a Teacher in An Abandoned Mine Shaft,1
A Awe-Inspiring Reflection of a Waitress And a Squirrel who must Kill a Mad Cow in A Jet Boat,1
A Stunning Saga of a Lumberjack And a Squirrel who must Chase a Car in The Outback,1
A Taut Yarn of a Hunter And a Astronaut who must Conquer a Database Administrator in The Sahara Desert,1
A Boring Character Study of a Car And a Husband who must Outgun a Frisbee in The First Manned Space Station,1
A Thrilling Documentary of a Composer And a Secret Agent who must Succumb a Cat in Berlin,1
A Thrilling Character Study of a Squirrel And a Lumberjack who must Face a Hunter in A MySQL Convention,1
A Amazing Saga of a Woman And a Womanizer who must Discover a Cat in The First Manned Space Station,1
A Thrilling Reflection of a Pastry Chef And a Crocodile who must Reach a Teacher in The Outback,1
A Action-Packed Saga of a Womanizer And a Woman who must Overcome a Student in California,1
A Fateful Documentary of a Dog And a Hunter who must Pursue a Teacher in An Abandoned Amusement Park,1
A Lacklusture Reflection of a Dentist And a Hunter who must Meet a Teacher in A Baloon,1
A Awe-Inspiring Drama of a Secret Agent And a Hunter who must Fight a Moose in Nigeria,1
A Unbelieveable Display of a Dentist And a Madman who must Vanquish a Squirrel in Berlin,1
A Unbelieveable Saga of a Crocodile And a Student who must Discover a Cat in Ancient India,1
A Intrepid Story of a Squirrel And a Crocodile who must Defeat a Monkey in The Outback,1
A Touching Story of a Crocodile And a Girl who must Sink a Man in The Gulf of Mexico,1
A Beautiful Display of a Pioneer And a Squirrel who must Vanquish a Sumo Wrestler in Soviet Georgia,1
A Thoughtful Documentary of a Mad Scientist And a A Shark who must Outrace a Feminist in Australia,1
A Fanciful Display of a Car And a Monkey who must Escape a Squirrel in Ancient Japan,1
A Emotional Reflection of a Teacher And a Man who must Meet a Cat in The First Manned Space Station,1
A Touching Reflection of a Crocodile And a Dog who must Chase a Hunter in An Abandoned Fun House,1
A Beautiful Display of a Secret Agent And a Monkey who must Battle a Sumo Wrestler in An Abandoned Mine Shaft,1
A Epic Yarn of a Mad Scientist And a Cat who must Confront a Womanizer in A Baloon Factory,1
A Thoughtful Story of a Mad Scientist And a Waitress who must Confront a Forensic Psychologist in Soviet Georgia,1
A Thrilling Documentary of a Car And a Student who must Sink a Hunter in The Canadian Rockies,1
A Awe-Inspiring Reflection of a Crocodile And a Sumo Wrestler who must Meet a Forensic Psychologist in An Abandoned Mine Shaft,1
A Brilliant Documentary of a Butler And a Frisbee who must Build a Astronaut in New Orleans,1
A Beautiful Drama of a Robot And a Lumberjack who must Discover a Technical Writer in A Shark Tank,1
A Unbelieveable Saga of a Teacher And a Monkey who must Fight a Girl in An Abandoned Mine Shaft,1
A Intrepid Story of a Butler And a Car who must Vanquish a Man in New Orleans,1
A Thoughtful Story of a Moose And a Husband who must Face a Secret Agent in The Sahara Desert,1
A Action-Packed Drama of a Mad Scientist And a Composer who must Outgun a Car in Australia,1
A Fateful Reflection of a Dog And a Mad Scientist who must Meet a Mad Scientist in New Orleans,1
A Taut Tale of a Car And a Pioneer who must Conquer a Sumo Wrestler in An Abandoned Fun House,1
A Astounding Panorama of a Husband And a Sumo Wrestler who must Pursue a Boat in Ancient India,1
A Astounding Saga of a Dog And a Boy who must Kill a Teacher in The First Manned Space Station,1
A Brilliant Epistle of a Composer And a Frisbee who must Conquer a Husband in The Outback,1
A Touching Character Study of a Pastry Chef And a Database Administrator who must Reach a A Shark in Ancient Japan,1
A Thoughtful Drama of a Dentist And a Womanizer who must Meet a Husband in The Sahara Desert,1
A Fast-Paced Story of a Car And a Cat who must Outgun a Hunter in Berlin,1
A Fast-Paced Story of a Pioneer And a Astronaut who must Reach a Boat in A Baloon,1
A Taut Reflection of a A Shark And a Dentist who must Battle a Boat in Soviet Georgia,1
A Unbelieveable Story of a Boy And a Mad Cow who must Challenge a Database Administrator in The Sahara Desert,1
A Awe-Inspiring Character Study of a Robot And a Sumo Wrestler who must Discover a Womanizer in A Shark Tank,1
A Epic Epistle of a Database Administrator And a Crocodile who must Face a Madman in A Jet Boat,1
A Fateful Tale of a Database Administrator And a Girl who must Battle a Squirrel in New Orleans,1
A Epic Yarn of a Cat And a Madman who must Vanquish a Dentist in An Abandoned Amusement Park,1
A Fast-Paced Saga of a Frisbee And a Astronaut who must Overcome a Feminist in Ancient India,1
A Lacklusture Character Study of a Butler And a Car who must Redeem a Boat in An Abandoned Fun House,1
A Boring Character Study of a Boy And a A Shark who must Outrace a Womanizer in The Outback,1
A Amazing Yarn of a Robot And a Womanizer who must Discover a Forensic Psychologist in Berlin,1
A Astounding Reflection of a Explorer And a Dentist who must Pursue a Student in Nigeria,1
A Awe-Inspiring Story of a Feminist And a Cat who must Conquer a Dog in A Monastery,1
A Fast-Paced Character Study of a Composer And a Dog who must Outgun a Boat in An Abandoned Fun House,1
A Fateful Display of a Monkey And a Car who must Sink a Husband in A MySQL Convention,1
A Astounding Saga of a Moose And a Pastry Chef who must Chase a Student in The Gulf of Mexico,1
A Unbelieveable Drama of a Crocodile And a Mad Cow who must Reach a Dentist in A Shark Tank,1
A Thrilling Display of a Boat And a Monkey who must Meet a Composer in Ancient China,1
A Touching Display of a Explorer And a Lumberjack who must Fight a Forensic Psychologist in A Shark Tank,1
A Fanciful Story of a Technical Writer And a Squirrel who must Defeat a Dog in The Gulf of Mexico,1
A Awe-Inspiring Yarn of a Student And a Teacher who must Fight a Teacher in An Abandoned Amusement Park,1
A Fateful Saga of a Waitress And a Hunter who must Outrace a Sumo Wrestler in Australia,1
A Fast-Paced Documentary of a Pastry Chef And a Crocodile who must Chase a Squirrel in The Gulf of Mexico,1
A Astounding Yarn of a Pioneer And a Crocodile who must Defeat a A Shark in The Outback,1
A Awe-Inspiring Tale of a Butler And a Frisbee who must Vanquish a Teacher in Ancient Japan,1
A Intrepid Panorama of a Womanizer And a Girl who must Escape a Girl in A Manhattan Penthouse,1
A Thoughtful Display of a Astronaut And a Feminist who must Chase a Frisbee in A Jet Boat,1
A Epic Drama of a Feminist And a Pioneer who must Sink a Composer in New Orleans,1
A Awe-Inspiring Character Study of a Secret Agent And a Boat who must Find a Squirrel in The First Manned Space Station,1
A Thoughtful Documentary of a Crocodile And a Robot who must Outrace a Womanizer in The Outback,1
A Stunning Yarn of a Woman And a Frisbee who must Escape a Waitress in A U-Boat,1
A Epic Drama of a Madman And a Cat who must Face a A Shark in An Abandoned Amusement Park,1
A Emotional Display of a Pioneer And a Technical Writer who must Battle a Man in A Baloon,1
A Thrilling Reflection of a Teacher And a Composer who must Find a Man in The First Manned Space Station,1
A Amazing Yarn of a Robot And a Pastry Chef who must Redeem a Mad Scientist in The Outback,1
A Emotional Saga of a Womanizer And a Pioneer who must Overcome a Dentist in A Baloon,1
A Action-Packed Character Study of a Dog And a Lumberjack who must Outrace a Moose in The Gulf of Mexico,1
A Stunning Story of a Explorer And a Forensic Psychologist who must Face a Crocodile in A Shark Tank,1
A Awe-Inspiring Reflection of a Squirrel And a Boat who must Outrace a Car in A Jet Boat,1
A Astounding Drama of a Astronaut And a Cat who must Discover a Woman in The First Manned Space Station,1
A Awe-Inspiring Reflection of a Boy And a Man who must Discover a Moose in The Sahara Desert,1
A Touching Epistle of a Frisbee And a Husband who must Pursue a Student in Nigeria,1
A Boring Reflection of a Dentist And a Mad Cow who must Chase a Secret Agent in A Shark Tank,1
A Brilliant Reflection of a Database Administrator And a Mad Cow who must Chase a Woman in The Canadian Rockies,1
A Fast-Paced Saga of a Girl And a Forensic Psychologist who must Redeem a Girl in Nigeria,1
A Brilliant Display of a Robot And a Butler who must Fight a Waitress in An Abandoned Mine Shaft,1
A Fast-Paced Saga of a Pastry Chef And a Monkey who must Sink a Composer in Ancient India,1
A Boring Drama of a Car And a Dog who must Succumb a Madman in Soviet Georgia,1
A Touching Saga of a Hunter And a Butler who must Discover a Butler in A Jet Boat,1
A Fateful Character Study of a Crocodile And a Monkey who must Meet a Dentist in Australia,1
A Unbelieveable Display of a Mad Scientist And a Mad Scientist who must Outgun a Mad Cow in Ancient Japan,1
A Fast-Paced Yarn of a Dog And a Frisbee who must Conquer a Hunter in Nigeria,1
A Intrepid Reflection of a Mad Scientist And a Pioneer who must Overcome a Hunter in The First Manned Space Station,1
A Unbelieveable Documentary of a Database Administrator And a Frisbee who must Redeem a Mad Scientist in A Baloon Factory,1
A Fast-Paced Tale of a Car And a Mad Scientist who must Kill a Womanizer in Ancient Japan,1
A Taut Story of a Moose And a Squirrel who must Build a Husband in Ancient India,1
A Intrepid Drama of a Butler And a Lumberjack who must Challenge a Database Administrator in A Manhattan Penthouse,1
A Epic Drama of a Feminist And a Mad Scientist who must Battle a Teacher in The Canadian Rockies,1
A Touching Documentary of a Cat And a Pastry Chef who must Find a Lumberjack in A Baloon,1
A Emotional Yarn of a Girl And a Dog who must Challenge a Composer in Ancient Japan,1
A Intrepid Tale of a Madman And a Astronaut who must Challenge a Hunter in A Monastery,1
A Thrilling Yarn of a Dog And a Dog who must Build a Husband in A Baloon,1
A Fanciful Documentary of a Teacher And a Dog who must Outgun a Forensic Psychologist in A Baloon Factory,1
A Thoughtful Documentary of a Dentist And a Forensic Psychologist who must Defeat a Waitress in Berlin,1
A Awe-Inspiring Drama of a Boy And a Frisbee who must Escape a Pastry Chef in California,1
A Touching Story of a Dentist And a Database Administrator who must Conquer a Astronaut in An Abandoned Amusement Park,1
A Boring Character Study of a Waitress And a Astronaut who must Fight a Crocodile in Ancient Japan,1
A Unbelieveable Character Study of a Womanizer And a Madman who must Reach a Man in The Outback,1
A Boring Saga of a Lumberjack And a Monkey who must Find a Monkey in The Gulf of Mexico,1
A Amazing Display of a Lumberjack And a Teacher who must Outrace a Woman in A U-Boat,1
A Boring Tale of a Frisbee And a Crocodile who must Vanquish a Moose in An Abandoned Mine Shaft,1
A Amazing Display of a Composer And a Forensic Psychologist who must Discover a Car in The Canadian Rockies,1
A Emotional Story of a Madman And a Waitress who must Battle a Teacher in An Abandoned Fun House,1
A Fanciful Documentary of a Womanizer And a Boat who must Defeat a Madman in The First Manned Space Station,1
A Stunning Display of a Mad Scientist And a Technical Writer who must Succumb a Monkey in A Shark Tank,1
A Amazing Reflection of a A Shark And a Butler who must Chase a Hunter in The Canadian Rockies,1
A Amazing Epistle of a Boy And a Astronaut who must Redeem a Man in The Gulf of Mexico,1
A Boring Documentary of a Mad Cow And a Cat who must Build a Lumberjack in New Orleans,1
A Thrilling Tale of a Technical Writer And a Boy who must Face a Pioneer in A Monastery,1
A Fateful Story of a Girl And a Composer who must Conquer a Husband in A Shark Tank,1
A Fanciful Saga of a Student And a Girl who must Find a Butler in Ancient Japan,1
A Epic Saga of a Cat And a Squirrel who must Outgun a Robot in A U-Boat,1
A Thrilling Documentary of a Technical Writer And a A Shark who must Face a Pioneer in A Shark Tank,1
A Stunning Drama of a Woman And a Lumberjack who must Overcome a A Shark in The Canadian Rockies,1
A Taut Display of a Cat And a Girl who must Overcome a Database Administrator in New Orleans,1
A Boring Panorama of a Feminist And a Moose who must Defeat a Database Administrator in Nigeria,1
A Fast-Paced Story of a Sumo Wrestler And a Girl who must Defeat a Car in A Baloon Factory,1
A Fast-Paced Documentary of a Technical Writer And a Pastry Chef who must Escape a Moose in A U-Boat,1
A Awe-Inspiring Saga of a Composer And a Frisbee who must Succumb a Pioneer in The Sahara Desert,1
A Fast-Paced Display of a Squirrel And a Composer who must Fight a Forensic Psychologist in A Jet Boat,1
A Touching Panorama of a Waitress And a Woman who must Outrace a Dog in An Abandoned Amusement Park,1
A Boring Story of a Teacher And a Student who must Outgun a Cat in An Abandoned Mine Shaft,1
A Thrilling Reflection of a Waitress And a Butler who must Battle a Butler in A Jet Boat,1
A Amazing Saga of a Dog And a A Shark who must Challenge a Cat in The Sahara Desert,1
A Stunning Story of a Dog And a Feminist who must Face a Forensic Psychologist in Berlin,1
A Emotional Character Study of a Boat And a Pioneer who must Find a Explorer in A Shark Tank,1
A Taut Character Study of a Boy And a Robot who must Redeem a Mad Scientist in Ancient India,1
A Fateful Tale of a Database Administrator And a Squirrel who must Discover a Student in Soviet Georgia,1
A Unbelieveable Story of a Teacher And a Boat who must Confront a Moose in A Baloon,1
A Insightful Drama of a Girl And a Astronaut who must Face a Database Administrator in A Shark Tank,1
A Unbelieveable Tale of a Woman And a Lumberjack who must Fight a Frisbee in A U-Boat,1
A Thoughtful Documentary of a Composer And a Explorer who must Conquer a Dentist in New Orleans,1
A Awe-Inspiring Epistle of a Pioneer And a Student who must Outgun a Crocodile in The Outback,1
A Thoughtful Display of a Woman And a Astronaut who must Battle a Robot in Berlin,1
A Brilliant Drama of a Mad Cow And a Hunter who must Escape a Hunter in Berlin,1
A Fateful Display of a Feminist And a Monkey who must Vanquish a Monkey in The Canadian Rockies,1
A Fateful Drama of a Husband And a Sumo Wrestler who must Battle a Pastry Chef in A Baloon Factory,1
A Fast-Paced Panorama of a Technical Writer And a Mad Scientist who must Find a Feminist in An Abandoned Mine Shaft,1
A Lacklusture Display of a Butler And a Man who must Sink a Explorer in Soviet Georgia,1
A Unbelieveable Panorama of a Composer And a Butler who must Overcome a Database Administrator in The First Manned Space Station,1
A Fanciful Drama of a Frisbee And a Dog who must Fight a Madman in A Jet Boat,1
A Amazing Tale of a Crocodile And a Squirrel who must Discover a Composer in Australia,1
A Action-Packed Reflection of a Mad Scientist And a A Shark who must Find a Feminist in California,1
A Unbelieveable Reflection of a Butler And a Boat who must Outgun a Mad Scientist in California,1
A Awe-Inspiring Reflection of a Monkey And a Dentist who must Overcome a Pioneer in A U-Boat,1
A Fateful Epistle of a Crocodile And a Moose who must Kill a Explorer in Nigeria,1
A Fast-Paced Documentary of a Crocodile And a Sumo Wrestler who must Conquer a Explorer in California,1
A Insightful Saga of a Astronaut And a Explorer who must Pursue a Mad Scientist in A U-Boat,1
A Intrepid Drama of a Teacher And a Moose who must Kill a Car in California,1
A Amazing Epistle of a Squirrel And a Lumberjack who must Succumb a Database Administrator in A U-Boat,1
A Fateful Documentary of a Crocodile And a Husband who must Face a Husband in The First Manned Space Station,1
A Touching Display of a Frisbee And a Boat who must Kill a Girl in A MySQL Convention,1
A Thoughtful Character Study of a Waitress And a Feminist who must Build a Teacher in Ancient Japan,1
A Boring Character Study of a Student And a Robot who must Meet a Woman in California,1
A Lacklusture Character Study of a Husband And a Sumo Wrestler who must Succumb a Technical Writer in The Gulf of Mexico,1
A Stunning Reflection of a Frisbee And a Husband who must Redeem a Dog in New Orleans,1
A Intrepid Story of a Dentist And a Hunter who must Confront a Monkey in Ancient Japan,1
A Stunning Reflection of a Sumo Wrestler And a Explorer who must Sink a Frisbee in A MySQL Convention,1
A Fast-Paced Documentary of a Car And a Butler who must Find a Frisbee in A Jet Boat,1
A Intrepid Yarn of a Explorer And a Pastry Chef who must Pursue a Mad Cow in A U-Boat,1
A Brilliant Panorama of a Girl And a Boy who must Face a Mad Scientist in An Abandoned Mine Shaft,1
A Fateful Character Study of a Husband And a Dog who must Find a Feminist in Ancient India,1
A Fateful Character Study of a Boat And a Cat who must Find a Database Administrator in A Jet Boat,1
A Action-Packed Tale of a Man And a Lumberjack who must Reach a Feminist in Ancient China,1
A Awe-Inspiring Yarn of a Monkey And a Hunter who must Chase a Teacher in Ancient China,1
A Intrepid Story of a Student And a Dog who must Challenge a Explorer in Soviet Georgia,1
A Beautiful Documentary of a Boy And a Robot who must Discover a Squirrel in Australia,1
A Astounding Reflection of a Lumberjack And a Car who must Sink a Lumberjack in A Baloon Factory,1
A Lacklusture Yarn of a Astronaut And a Pastry Chef who must Sink a Dog in A U-Boat,1
A Awe-Inspiring Documentary of a Technical Writer And a Husband who must Meet a Monkey in An Abandoned Fun House,1
A Thoughtful Documentary of a Boat And a Man who must Meet a Boat in An Abandoned Fun House,1
A Astounding Drama of a Boy And a Lumberjack who must Fight a Butler in A Baloon,1
A Astounding Saga of a Technical Writer And a Butler who must Battle a Butler in A Shark Tank,1
A Action-Packed Character Study of a Forensic Psychologist And a Girl who must Build a Dentist in The Outback,1
A Action-Packed Panorama of a Mad Cow And a Composer who must Discover a Robot in A Baloon Factory,1
A Epic Saga of a Hunter And a Technical Writer who must Conquer a Cat in Ancient Japan,1
A Lacklusture Reflection of a Monkey And a Squirrel who must Outrace a Womanizer in A Manhattan Penthouse,1
A Emotional Saga of a Database Administrator And a Pastry Chef who must Confront a Teacher in A Baloon Factory,1
A Lacklusture Documentary of a Mad Cow And a Madman who must Sink a Moose in The Gulf of Mexico,1
A Taut Epistle of a Feminist And a Sumo Wrestler who must Battle a Crocodile in Australia,1
A Lacklusture Epistle of a Girl And a A Shark who must Meet a Mad Scientist in Ancient China,1
A Emotional Panorama of a Secret Agent And a Waitress who must Escape a Composer in Soviet Georgia,1
A Astounding Drama of a Crocodile And a Mad Cow who must Build a Robot in A Jet Boat,1
A Epic Story of a Lumberjack And a Monkey who must Confront a Pioneer in A MySQL Convention,1
A Fast-Paced Drama of a Robot And a Composer who must Battle a Astronaut in New Orleans,1
A Emotional Documentary of a Moose And a Car who must Redeem a Mad Cow in A Baloon Factory,1
A Touching Reflection of a Database Administrator And a Madman who must Build a Lumberjack in Nigeria,1
A Taut Epistle of a Monkey And a Sumo Wrestler who must Vanquish a A Shark in A Baloon Factory,1
A Stunning Drama of a Robot And a Feminist who must Outgun a Butler in Nigeria,1
A Taut Epistle of a Monkey And a Boy who must Confront a Husband in A Jet Boat,1
A Fast-Paced Tale of a A Shark And a Student who must Meet a Crocodile in Ancient China,1
A Boring Display of a Man And a Dog who must Redeem a Girl in A U-Boat,1
A Fateful Tale of a Man And a Feminist who must Conquer a Crocodile in A Manhattan Penthouse,1
A Fast-Paced Character Study of a Feminist And a Explorer who must Face a Pastry Chef in Ancient Japan,1
A Stunning Drama of a Forensic Psychologist And a Husband who must Overcome a Waitress in A Monastery,1
A Fast-Paced Story of a Crocodile And a A Shark who must Sink a Pioneer in Berlin,1
A Taut Reflection of a Secret Agent And a Man who must Redeem a Explorer in A MySQL Convention,1
A Action-Packed Reflection of a Crocodile And a Explorer who must Find a Sumo Wrestler in An Abandoned Mine Shaft,1
A Boring Drama of a Student And a Cat who must Sink a Technical Writer in A Baloon,1
A Insightful Reflection of a Womanizer And a Husband who must Conquer a Pastry Chef in A Baloon,1
A Amazing Epistle of a Student And a Astronaut who must Discover a Frisbee in The Canadian Rockies,1
A Thrilling Documentary of a Feminist And a Feminist who must Confront a Feminist in A Baloon,1
A Thrilling Epistle of a Frisbee And a Cat who must Fight a Technical Writer in Berlin,1
A Astounding Panorama of a Car And a Mad Scientist who must Battle a Lumberjack in A MySQL Convention,1
A Amazing Drama of a Teacher And a Feminist who must Meet a Woman in The First Manned Space Station,1
A Insightful Reflection of a Crocodile And a Sumo Wrestler who must Meet a Technical Writer in The Sahara Desert,1
A Lacklusture Saga of a Moose And a Teacher who must Kill a Forensic Psychologist in A MySQL Convention,1
A Fast-Paced Display of a Composer And a Moose who must Sink a Robot in An Abandoned Mine Shaft,1
A Emotional Character Study of a Student And a Explorer who must Discover a Frisbee in The First Manned Space Station,1
A Beautiful Documentary of a Boat And a Sumo Wrestler who must Succumb a Database Administrator in The First Manned Space Station,1
A Epic Saga of a Boy And a Dentist who must Outrace a Madman in A U-Boat,1
A Taut Reflection of a Monkey And a Womanizer who must Chase a Moose in Nigeria,1
A Thoughtful Display of a Dentist And a Squirrel who must Confront a Lumberjack in A Shark Tank,1
A Astounding Story of a Cat And a Database Administrator who must Build a Technical Writer in New Orleans,1
A Astounding Panorama of a Lumberjack And a Dog who must Redeem a Woman in An Abandoned Fun House,1
A Astounding Story of a Pastry Chef And a Database Administrator who must Fight a Man in The Outback,1
A Epic Display of a Sumo Wrestler And a Forensic Psychologist who must Build a Woman in An Abandoned Amusement Park,1
A Insightful Drama of a Car And a Composer who must Fight a Man in A Monastery,1
A Fateful Display of a Womanizer And a Mad Scientist who must Outgun a A Shark in Soviet Georgia,1
A Astounding Character Study of a Hunter And a Waitress who must Sink a Man in New Orleans,1
A Emotional Epistle of a Boat And a Mad Scientist who must Outrace a Robot in An Abandoned Mine Shaft,1
A Insightful Panorama of a Monkey And a Sumo Wrestler who must Outrace a Mad Scientist in The Canadian Rockies,1
A Fanciful Panorama of a Hunter And a Dentist who must Meet a Secret Agent in The Sahara Desert,1
A Insightful Display of a A Shark And a Monkey who must Face a Database Administrator in Ancient India,1
A Boring Tale of a Squirrel And a Dog who must Challenge a Madman in The Gulf of Mexico,1
A Amazing Display of a Girl And a Womanizer who must Succumb a Lumberjack in A Baloon Factory,1
A Insightful Epistle of a Mad Scientist And a Explorer who must Challenge a Cat in The Sahara Desert,1
A Thrilling Epistle of a Composer And a Sumo Wrestler who must Challenge a Mad Cow in A MySQL Convention,1
A Fanciful Tale of a Squirrel And a Boat who must Defeat a Crocodile in The Gulf of Mexico,1
A Intrepid Yarn of a Pastry Chef And a Mad Scientist who must Challenge a Secret Agent in Ancient Japan,1
A Amazing Saga of a Madman And a Dentist who must Build a Car in A Manhattan Penthouse,1
A Fateful Display of a Cat And a Pioneer who must Challenge a Pastry Chef in A Baloon Factory,1
A Emotional Display of a Husband And a A Shark who must Succumb a Madman in A Manhattan Penthouse,1
A Stunning Panorama of a Crocodile And a Womanizer who must Meet a Feminist in The Canadian Rockies,1
A Thoughtful Panorama of a Car And a Crocodile who must Sink a Monkey in The Sahara Desert,1
A Fateful Drama of a Frisbee And a Student who must Confront a Cat in A Shark Tank,1
A Thoughtful Epistle of a Dog And a Feminist who must Chase a Composer in Berlin,1
A Emotional Reflection of a Womanizer And a Pioneer who must Face a Squirrel in Berlin,1
A Beautiful Display of a Mad Cow And a Dog who must Redeem a Waitress in An Abandoned Amusement Park,1
A Lacklusture Panorama of a Secret Agent And a Crocodile who must Discover a Madman in The Canadian Rockies,1
A Fateful Reflection of a Waitress And a Boat who must Discover a Sumo Wrestler in Ancient China,1
A Stunning Character Study of a Dentist And a Mad Cow who must Find a Teacher in Nigeria,1
A Amazing Panorama of a Mad Scientist And a Husband who must Meet a Woman in The Outback,1
A Beautiful Yarn of a Pioneer And a Monkey who must Pursue a Explorer in The Sahara Desert,1
A Epic Story of a A Shark And a Student who must Confront a Explorer in The Gulf of Mexico,1
A Thoughtful Drama of a Pastry Chef And a Dentist who must Pursue a Girl in A Baloon,1
A Beautiful Story of a Dog And a Technical Writer who must Outgun a Student in A Baloon,1
A Emotional Reflection of a Frisbee And a Boat who must Reach a Pastry Chef in An Abandoned Amusement Park,1
A Astounding Character Study of a Madman And a Robot who must Meet a Mad Scientist in An Abandoned Fun House,1
A Emotional Display of a Monkey And a Waitress who must Reach a Secret Agent in California,1
A Beautiful Epistle of a Secret Agent And a Pioneer who must Chase a Astronaut in Ancient China,1
A Emotional Epistle of a Moose And a Hunter who must Overcome a Robot in A Manhattan Penthouse,1
A Amazing Display of a Robot And a Astronaut who must Fight a Womanizer in Berlin,1
A Awe-Inspiring Display of a Husband And a Squirrel who must Battle a Sumo Wrestler in A Jet Boat,1
A Boring Story of a Woman And a Moose who must Reach a Husband in A Shark Tank,1
A Unbelieveable Documentary of a Frisbee And a Boat who must Meet a Boy in The Canadian Rockies,1
A Fateful Yarn of a Lumberjack And a Feminist who must Conquer a Student in A Jet Boat,1
A Unbelieveable Drama of a Waitress And a Composer who must Sink a Mad Cow in Ancient Japan,1
A Thrilling Panorama of a Database Administrator And a Astronaut who must Challenge a Lumberjack in A Baloon,1
A Amazing Drama of a Mad Scientist And a Composer who must Build a Husband in The Outback,1
A Astounding Character Study of a Womanizer And a Hunter who must Escape a Robot in A Monastery,1
A Epic Display of a Hunter And a Feminist who must Sink a Car in A U-Boat,1
A Stunning Reflection of a Husband And a Lumberjack who must Face a Frisbee in An Abandoned Fun House,1
A Touching Saga of a Madman And a Forensic Psychologist who must Build a Sumo Wrestler in An Abandoned Mine Shaft,1
A Beautiful Epistle of a Astronaut And a Student who must Confront a Monkey in An Abandoned Fun House,1
A Taut Epistle of a Sumo Wrestler And a Girl who must Face a Husband in Ancient Japan,1
A Awe-Inspiring Tale of a Forensic Psychologist And a Woman who must Challenge a Database Administrator in Ancient Japan,1
A Intrepid Display of a Madman And a Feminist who must Pursue a Pioneer in The First Manned Space Station,1
A Thrilling Documentary of a Composer And a Monkey who must Find a Feminist in California,1
A Touching Display of a Feminist And a Dentist who must Conquer a Husband in The Gulf of Mexico,1
A Astounding Drama of a Frisbee And a Astronaut who must Fight a Dog in Ancient Japan,1
A Insightful Drama of a Feminist And a A Shark who must Vanquish a Boat in A Shark Tank,1
A Fateful Yarn of a Womanizer And a Feminist who must Succumb a Database Administrator in Ancient India,1
A Thoughtful Story of a Astronaut And a Composer who must Conquer a Dog in The Sahara Desert,1
A Taut Saga of a Crocodile And a Boat who must Conquer a Hunter in A Shark Tank,1
A Epic Documentary of a Teacher And a Boy who must Escape a Woman in Berlin,1
A Fanciful Yarn of a Crocodile And a Forensic Psychologist who must Discover a Crocodile in The Outback,1
A Unbelieveable Character Study of a Cat And a Database Administrator who must Pursue a Teacher in A Monastery,1
A Thoughtful Panorama of a Database Administrator And a Mad Scientist who must Outgun a Mad Scientist in A Jet Boat,1
A Boring Story of a Teacher And a Monkey who must Succumb a Forensic Psychologist in A Jet Boat,1
A Insightful Yarn of a Boy And a Sumo Wrestler who must Outgun a Car in The Outback,1
A Insightful Panorama of a Teacher And a Teacher who must Overcome a Mad Cow in An Abandoned Fun House,1
A Intrepid Story of a Madman And a Frisbee who must Outgun a Boat in The Sahara Desert,1
A Thoughtful Epistle of a Womanizer And a Monkey who must Vanquish a Dentist in A Monastery,1
A Unbelieveable Drama of a Hunter And a Database Administrator who must Battle a Crocodile in An Abandoned Amusement Park,1
A Fateful Panorama of a Moose And a Dog who must Chase a Crocodile in Ancient Japan,1
A Touching Epistle of a Squirrel And a Explorer who must Redeem a Pastry Chef in The Sahara Desert,1
A Fateful Tale of a Squirrel And a Forensic Psychologist who must Redeem a Man in Nigeria,1
A Epic Story of a Pastry Chef And a Woman who must Chase a Feminist in An Abandoned Fun House,1
A Unbelieveable Reflection of a Moose And a A Shark who must Defeat a Lumberjack in An Abandoned Mine Shaft,1
A Fateful Story of a Husband And a Moose who must Vanquish a Boy in California,1
A Fast-Paced Tale of a Boat And a Teacher who must Succumb a Composer in An Abandoned Mine Shaft,1
A Touching Saga of a Composer And a Moose who must Discover a Dentist in A MySQL Convention,1
A Thrilling Display of a Husband And a Butler who must Reach a Pastry Chef in California,1
A Insightful Tale of a Technical Writer And a Waitress who must Conquer a Monkey in Ancient India,1
A Boring Drama of a Woman And a Squirrel who must Conquer a Student in A Baloon,1
A Epic Panorama of a Mad Scientist And a Monkey who must Redeem a Secret Agent in Berlin,1
A Fateful Reflection of a Car And a Teacher who must Confront a Waitress in A Monastery,1
A Unbelieveable Reflection of a Explorer And a Boat who must Conquer a Woman in California,1
A Epic Yarn of a Teacher And a Hunter who must Outgun a Explorer in Soviet Georgia,1
A Boring Epistle of a Butler And a Cat who must Fight a Pastry Chef in A MySQL Convention,1
A Thrilling Drama of a Frisbee And a Lumberjack who must Sink a Man in Nigeria,1
A Emotional Panorama of a Lumberjack And a Hunter who must Meet a Girl in A Shark Tank,1
A Fateful Saga of a Cat And a Frisbee who must Kill a Girl in A Manhattan Penthouse,1
A Fast-Paced Reflection of a Technical Writer And a Student who must Fight a Boy in The Canadian Rockies,1
A Action-Packed Story of a Hunter And a Boy who must Discover a Lumberjack in Ancient India,1
A Fateful Reflection of a Moose And a Husband who must Overcome a Monkey in Nigeria,1
A Fast-Paced Documentary of a Pastry Chef And a Dentist who must Pursue a Forensic Psychologist in The Gulf of Mexico,1
A Epic Reflection of a Monkey And a Mad Cow who must Kill a Forensic Psychologist in An Abandoned Mine Shaft,1
A Boring Display of a Moose And a Squirrel who must Outrace a Teacher in A Shark Tank,1
A Touching Reflection of a Man And a Man who must Sink a Robot in The Outback,1
A Intrepid Drama of a Moose And a Boat who must Kill a Explorer in A Manhattan Penthouse,1
A Brilliant Reflection of a Feminist And a Dog who must Fight a Boy in A Baloon Factory,1
A Lacklusture Display of a Womanizer And a Dog who must Face a Sumo Wrestler in Ancient Japan,1
A Taut Character Study of a Husband And a Waitress who must Sink a Squirrel in A MySQL Convention,1
A Action-Packed Saga of a Pastry Chef And a Explorer who must Discover a A Shark in The Outback,1
A Taut Story of a Dog And a Explorer who must Find a Astronaut in Berlin,1
A Fanciful Tale of a Pioneer And a Technical Writer who must Outgun a Pioneer in A Shark Tank,1
A Astounding Display of a Composer And a Dog who must Kill a Pastry Chef in Soviet Georgia,1
A Thoughtful Story of a Pioneer And a Woman who must Reach a Moose in Australia,1
A Amazing Documentary of a Student And a Sumo Wrestler who must Outgun a A Shark in A Shark Tank,1
A Boring Epistle of a Database Administrator And a Explorer who must Pursue a Madman in Soviet Georgia,1
A Action-Packed Panorama of a Mad Scientist And a Robot who must Challenge a Student in Nigeria,1
A Epic Display of a Dog And a Boat who must Succumb a Mad Scientist in An Abandoned Mine Shaft,1
A Amazing Documentary of a Car And a Robot who must Escape a Lumberjack in An Abandoned Amusement Park,1
A Lacklusture Epistle of a Cat And a Husband who must Confront a Boy in A MySQL Convention,1
A Astounding Character Study of a Robot And a Moose who must Overcome a Astronaut in Ancient India,1
A Beautiful Drama of a Student And a Secret Agent who must Confront a Dentist in Ancient Japan,1
A Stunning Display of a Moose And a Database Administrator who must Pursue a Composer in A Jet Boat,1
A Amazing Epistle of a Woman And a Squirrel who must Fight a Hunter in A Baloon,1
A Epic Documentary of a Boy And a Monkey who must Pursue a Astronaut in Berlin,1
A Fateful Character Study of a Waitress And a Technical Writer who must Battle a Hunter in A Baloon,1
A Fateful Yarn of a Mad Cow And a Waitress who must Battle a Student in California,1
A Awe-Inspiring Epistle of a Student And a Squirrel who must Defeat a Boy in Ancient China,1
A Fanciful Reflection of a Boy And a Butler who must Pursue a Woman in Berlin,1
A Amazing Panorama of a Crocodile And a Explorer who must Fight a Husband in Nigeria,1
A Thoughtful Reflection of a Waitress And a Feminist who must Escape a Squirrel in A Manhattan Penthouse,1
A Emotional Character Study of a Frisbee And a Mad Scientist who must Build a Madman in California,1
A Intrepid Story of a Boy And a Technical Writer who must Pursue a Lumberjack in A Monastery,1
A Amazing Reflection of a Lumberjack And a Cat who must Discover a Husband in A MySQL Convention,1
A Touching Panorama of a Man And a Secret Agent who must Challenge a Teacher in A MySQL Convention,1
A Stunning Display of a Butler And a Teacher who must Confront a A Shark in The First Manned Space Station,1
A Brilliant Saga of a Pastry Chef And a Hunter who must Confront a Butler in Berlin,1
A Brilliant Panorama of a Mad Scientist And a Mad Cow who must Meet a Pioneer in A Monastery,1
A Touching Tale of a Explorer And a Boat who must Defeat a Robot in Australia,1
A Boring Yarn of a Mad Cow And a Sumo Wrestler who must Meet a Robot in Australia,1
A Fast-Paced Panorama of a Girl And a A Shark who must Confront a Boy in Ancient India,1
A Brilliant Drama of a Cat And a Mad Scientist who must Battle a Feminist in A MySQL Convention,1
A Lacklusture Tale of a Pastry Chef And a Technical Writer who must Confront a Crocodile in An Abandoned Amusement Park,1
A Fateful Story of a Monkey And a Girl who must Overcome a Pastry Chef in Ancient India,1
A Epic Documentary of a Sumo Wrestler And a Butler who must Kill a Car in Ancient India,1
A Thoughtful Yarn of a Monkey And a Teacher who must Find a Dog in Australia,1
A Astounding Epistle of a Cat And a Cat who must Conquer a Mad Cow in A U-Boat,1
A Amazing Character Study of a Robot And a Student who must Chase a Robot in Australia,1
A Fateful Drama of a Frisbee And a Crocodile who must Vanquish a Dog in The First Manned Space Station,1
A Fanciful Documentary of a Pioneer And a Woman who must Redeem a Hunter in Ancient Japan,1
A Thrilling Yarn of a Feminist And a Madman who must Battle a Hunter in Berlin,1
A Intrepid Saga of a Man And a Forensic Psychologist who must Reach a Squirrel in A Monastery,1
A Thoughtful Panorama of a Hunter And a Teacher who must Reach a Mad Cow in A U-Boat,1
A Unbelieveable Documentary of a Boat And a Husband who must Succumb a Student in A U-Boat,1
A Thoughtful Documentary of a Dog And a Man who must Sink a Man in A Shark Tank,1
A Action-Packed Epistle of a Feminist And a Astronaut who must Conquer a Boat in A Manhattan Penthouse,1
A Intrepid Panorama of a Sumo Wrestler And a Forensic Psychologist who must Discover a Moose in The First Manned Space Station,1
A Insightful Story of a Teacher And a Hunter who must Face a Mad Cow in California,1
A Thoughtful Character Study of a Squirrel And a Technical Writer who must Outrace a Student in Ancient Japan,1
A Fanciful Character Study of a Lumberjack And a Car who must Discover a Cat in An Abandoned Amusement Park,1
A Touching Documentary of a Madman And a Mad Scientist who must Outrace a Feminist in An Abandoned Mine Shaft,1
A Fanciful Saga of a Student And a Mad Scientist who must Battle a Hunter in An Abandoned Mine Shaft,1
A Insightful Panorama of a Woman And a Feminist who must Defeat a Forensic Psychologist in Berlin,1
A Touching Drama of a Teacher And a Cat who must Challenge a Technical Writer in A U-Boat,1
A Thrilling Character Study of a Robot And a Squirrel who must Face a Dog in Ancient India,1
A Awe-Inspiring Epistle of a Feminist And a Girl who must Sink a Girl in The Outback,1
A Amazing Story of a Feminist And a Cat who must Face a Car in An Abandoned Fun House,1
A Lacklusture Display of a Robot And a Girl who must Defeat a Sumo Wrestler in A MySQL Convention,1
A Fanciful Story of a Man And a Sumo Wrestler who must Outrace a Student in A Monastery,1
A Brilliant Character Study of a Secret Agent And a Man who must Find a Cat in The Gulf of Mexico,1
A Awe-Inspiring Epistle of a Woman And a Madman who must Fight a Robot in Soviet Georgia,1
A Awe-Inspiring Panorama of a Robot And a Boat who must Overcome a Feminist in A U-Boat,1
A Fateful Story of a Lumberjack And a Car who must Escape a Boat in An Abandoned Mine Shaft,1
A Action-Packed Display of a Frisbee And a Pastry Chef who must Pursue a Crocodile in A Jet Boat,1
A Amazing Documentary of a Man And a Husband who must Confront a Squirrel in A MySQL Convention,1
A Fateful Epistle of a Moose And a Monkey who must Confront a Lumberjack in Ancient China,1
A Awe-Inspiring Character Study of a Astronaut And a Forensic Psychologist who must Challenge a Madman in Ancient India,1
A Brilliant Panorama of a Madman And a Composer who must Succumb a Car in Ancient India,1
A Boring Character Study of a Database Administrator And a Lumberjack who must Reach a Madman in The Outback,1
A Brilliant Yarn of a Car And a Database Administrator who must Escape a Boy in A MySQL Convention,1
A Stunning Epistle of a Cat And a Forensic Psychologist who must Confront a Pioneer in A Baloon,1
A Fast-Paced Drama of a Student And a Crocodile who must Meet a Database Administrator in The Outback,1
A Astounding Character Study of a Secret Agent And a Robot who must Build a A Shark in Berlin,1
A Emotional Character Study of a Pioneer And a Girl who must Discover a Dog in Ancient Japan,1
A Insightful Character Study of a Feminist And a Pioneer who must Pursue a Pastry Chef in Nigeria,1
A Stunning Drama of a Teacher And a Boat who must Battle a Feminist in Ancient China,1
A Touching Display of a Frisbee And a Frisbee who must Kill a Girl in The Gulf of Mexico,1
A Awe-Inspiring Reflection of a Astronaut And a A Shark who must Defeat a Forensic Psychologist in California,1
A Thoughtful Epistle of a Madman And a Astronaut who must Overcome a Monkey in A Shark Tank,1
A Lacklusture Epistle of a Sumo Wrestler And a Squirrel who must Defeat a Explorer in California,1
A Boring Documentary of a Dentist And a Butler who must Confront a Monkey in A MySQL Convention,1
A Intrepid Drama of a Teacher And a Butler who must Build a Pastry Chef in Berlin,1
A Taut Story of a Pioneer And a Squirrel who must Battle a Student in Soviet Georgia,1
A Fast-Paced Reflection of a Cat And a Mad Cow who must Fight a Car in The Sahara Desert,1
A Touching Panorama of a Lumberjack And a Frisbee who must Build a Dog in Australia,1
A Intrepid Story of a Cat And a Student who must Vanquish a Girl in An Abandoned Amusement Park,1
A Fateful Story of a A Shark And a Explorer who must Succumb a Technical Writer in A Jet Boat,1
A Touching Epistle of a Butler And a Boy who must Find a Mad Scientist in The Sahara Desert,1
A Insightful Panorama of a Crocodile And a Boat who must Conquer a Sumo Wrestler in A MySQL Convention,1
A Beautiful Character Study of a Sumo Wrestler And a Dentist who must Find a Dog in California,1
A Fanciful Drama of a Monkey And a Feminist who must Sink a Man in Berlin,1
A Unbelieveable Documentary of a Dentist And a Technical Writer who must Build a Womanizer in Nigeria,1
A Awe-Inspiring Yarn of a Hunter And a Feminist who must Challenge a Dentist in The Outback,1
A Astounding Display of a Explorer And a Boat who must Vanquish a Car in The First Manned Space Station,1
A Unbelieveable Panorama of a Pioneer And a Husband who must Meet a Mad Cow in An Abandoned Mine Shaft,1
A Intrepid Character Study of a Man And a Frisbee who must Overcome a Madman in Ancient China,1
A Emotional Display of a Boat And a Explorer who must Challenge a Madman in A MySQL Convention,1
A Epic Story of a Mad Cow And a Astronaut who must Challenge a Car in California,1
A Astounding Epistle of a Database Administrator And a Explorer who must Find a Car in Ancient China,1
A Taut Yarn of a Mad Scientist And a Crocodile who must Outgun a Database Administrator in A Monastery,1
A Lacklusture Panorama of a A Shark And a Pioneer who must Confront a Student in The First Manned Space Station,1
A Thrilling Yarn of a Feminist And a Hunter who must Fight a Technical Writer in A Shark Tank,1
A Touching Drama of a Crocodile And a Crocodile who must Conquer a Explorer in Soviet Georgia,1
A Insightful Documentary of a Boat And a Composer who must Meet a Forensic Psychologist in An Abandoned Fun House,1
A Epic Documentary of a Hunter And a Dog who must Outgun a Dog in A Baloon Factory,1
A Unbelieveable Epistle of a Robot And a Husband who must Chase a Robot in The First Manned Space Station,1
A Insightful Reflection of a Pioneer And a Teacher who must Build a Composer in The First Manned Space Station,1
A Fast-Paced Documentary of a Mad Cow And a Boy who must Pursue a Dentist in A Baloon,1
A Insightful Saga of a Man And a Forensic Psychologist who must Discover a Mad Cow in A MySQL Convention,1
A Intrepid Display of a Pastry Chef And a Cat who must Kill a A Shark in Ancient China,1
A Fast-Paced Story of a Database Administrator And a Composer who must Defeat a Squirrel in An Abandoned Amusement Park,1
A Emotional Story of a Squirrel And a Crocodile who must Succumb a Husband in The Sahara Desert,1
A Awe-Inspiring Drama of a Astronaut And a Frisbee who must Conquer a Mad Scientist in Australia,1
A Awe-Inspiring Character Study of a Waitress And a Car who must Pursue a Mad Scientist in The First Manned Space Station,1
A Emotional Yarn of a Boat And a Crocodile who must Meet a Moose in Soviet Georgia,1
A Stunning Epistle of a Dentist And a Dog who must Kill a Madman in Ancient China,1
A Touching Documentary of a Husband And a Hunter who must Escape a Boy in The Sahara Desert,1
A Insightful Story of a Boy And a Dog who must Redeem a Boy in Australia,1
A Emotional Epistle of a Pioneer And a Crocodile who must Battle a Man in A Manhattan Penthouse,1
A Boring Display of a Pastry Chef And a Sumo Wrestler who must Discover a Frisbee in An Abandoned Amusement Park,1
A Emotional Tale of a Robot And a Sumo Wrestler who must Redeem a Pastry Chef in A Baloon Factory,1
A Lacklusture Reflection of a Girl And a Husband who must Find a Robot in The Canadian Rockies,1
A Thoughtful Saga of a Hunter And a Crocodile who must Confront a Dog in The Gulf of Mexico,1
A Amazing Documentary of a Woman And a Astronaut who must Outrace a Teacher in An Abandoned Fun House,1
A Unbelieveable Yarn of a Database Administrator And a Woman who must Succumb a A Shark in A U-Boat,1
A Awe-Inspiring Drama of a Monkey And a Composer who must Escape a Feminist in A U-Boat,1
A Beautiful Yarn of a Forensic Psychologist And a Frisbee who must Battle a Moose in A Jet Boat,1
A Unbelieveable Tale of a Dog And a Explorer who must Sink a Mad Cow in A Baloon Factory,1
A Intrepid Documentary of a Forensic Psychologist And a Mad Scientist who must Face a Explorer in A U-Boat,1
A Awe-Inspiring Documentary of a Robot And a Mad Scientist who must Reach a Database Administrator in A Shark Tank,1
A Intrepid Yarn of a Explorer And a Student who must Kill a Husband in An Abandoned Mine Shaft,1
A Thoughtful Documentary of a Student And a Madman who must Challenge a Squirrel in A Manhattan Penthouse,1
A Intrepid Character Study of a Robot And a Monkey who must Reach a Secret Agent in An Abandoned Amusement Park,1
A Brilliant Panorama of a Boat And a Astronaut who must Challenge a Teacher in A Manhattan Penthouse,1
A Fanciful Documentary of a Crocodile And a Technical Writer who must Fight a A Shark in A Baloon,1
A Astounding Story of a Forensic Psychologist And a Forensic Psychologist who must Overcome a Moose in Ancient China,1
A Touching Saga of a Crocodile And a Crocodile who must Discover a Technical Writer in Nigeria,1
A Fast-Paced Story of a Crocodile And a Robot who must Find a Moose in Ancient Japan,1
A Epic Display of a Crocodile And a Crocodile who must Confront a Dog in An Abandoned Amusement Park,1
A Emotional Saga of a Crocodile And a Sumo Wrestler who must Discover a Mad Cow in New Orleans,1
A Fanciful Story of a Womanizer And a Dog who must Face a Forensic Psychologist in The Sahara Desert,1
A Boring Drama of a Teacher And a Sumo Wrestler who must Challenge a Secret Agent in The Canadian Rockies,1
A Awe-Inspiring Tale of a Astronaut And a Database Administrator who must Chase a Secret Agent in The Gulf of Mexico,1
A Boring Epistle of a Pioneer And a Mad Scientist who must Escape a Frisbee in The Gulf of Mexico,1
A Unbelieveable Display of a Crocodile And a Feminist who must Overcome a Moose in An Abandoned Amusement Park,1
A Insightful Yarn of a A Shark And a Pastry Chef who must Face a Boy in A Monastery,1
A Insightful Story of a Dog And a Pastry Chef who must Battle a Girl in Berlin,1
A Beautiful Drama of a Dentist And a Composer who must Battle a Sumo Wrestler in The First Manned Space Station,1
A Unbelieveable Character Study of a Mad Scientist And a Astronaut who must Find a Pioneer in A Manhattan Penthouse,1
A Taut Drama of a Womanizer And a Lumberjack who must Succumb a Pioneer in Ancient India,1
A Thrilling Epistle of a Moose And a Boy who must Meet a Database Administrator in A Monastery,1
A Unbelieveable Yarn of a Student And a Database Administrator who must Outgun a Husband in An Abandoned Mine Shaft,1
A Brilliant Epistle of a Composer And a Database Administrator who must Vanquish a Mad Scientist in The First Manned Space Station,1
A Thoughtful Character Study of a Frisbee And a Mad Cow who must Outgun a Man in Ancient India,1
A Insightful Display of a Database Administrator And a Student who must Build a Hunter in Berlin,1
A Brilliant Panorama of a Astronaut And a Technical Writer who must Discover a Butler in A Manhattan Penthouse,1
A Awe-Inspiring Panorama of a Composer And a Secret Agent who must Sink a Composer in A Shark Tank,1
A Emotional Reflection of a Sumo Wrestler And a Monkey who must Conquer a Robot in The Sahara Desert,1
A Amazing Display of a Car And a Monkey who must Fight a Teacher in Soviet Georgia,1
A Awe-Inspiring Tale of a Girl And a Madman who must Outgun a Student in A Shark Tank,1
A Touching Documentary of a Husband And a Boat who must Meet a Pastry Chef in A Baloon Factory,1
A Epic Tale of a Pioneer And a Hunter who must Escape a Girl in A U-Boat,1
A Stunning Tale of a Man And a Monkey who must Chase a Student in New Orleans,1
A Lacklusture Character Study of a Mad Scientist And a Womanizer who must Outrace a Explorer in A Monastery,1
A Lacklusture Tale of a Butler And a Husband who must Face a Boy in Ancient China,1
A Lacklusture Display of a Girl And a Astronaut who must Succumb a Student in Australia,1
A Beautiful Documentary of a Dog And a Robot who must Redeem a Womanizer in Berlin,1
A Fanciful Character Study of a Explorer And a Mad Scientist who must Vanquish a Squirrel in A Jet Boat,1
A Boring Yarn of a Pioneer And a Feminist who must Redeem a Cat in An Abandoned Amusement Park,1
A Touching Documentary of a A Shark And a Car who must Build a Husband in Nigeria,1
A Fanciful Display of a Student And a Teacher who must Outgun a Crocodile in Nigeria,1
A Awe-Inspiring Documentary of a Woman And a Husband who must Sink a Database Administrator in The First Manned Space Station,1
A Epic Display of a Butler And a Dog who must Vanquish a Crocodile in A Manhattan Penthouse,1
A Boring Reflection of a Lumberjack And a Feminist who must Discover a Woman in Nigeria,1
A Unbelieveable Tale of a Car And a Explorer who must Confront a Boat in A Manhattan Penthouse,1
A Lacklusture Display of a Dentist And a Dentist who must Fight a Girl in Australia,1
A Intrepid Panorama of a Mad Scientist And a Boy who must Redeem a Boy in A Monastery,1
A Stunning Story of a Technical Writer And a Hunter who must Succumb a Secret Agent in A Baloon,1
A Stunning Reflection of a Girl And a Secret Agent who must Succumb a Boy in A MySQL Convention,1
A Emotional Drama of a Sumo Wrestler And a Dentist who must Confront a Sumo Wrestler in A Baloon,1
A Unbelieveable Display of a Dog And a Crocodile who must Outrace a Man in Nigeria,1
A Stunning Drama of a Butler And a Madman who must Outrace a Womanizer in Ancient India,1
A Fanciful Character Study of a Feminist And a Madman who must Find a Explorer in A Baloon Factory,1
A Boring Story of a Woman And a Feminist who must Redeem a Squirrel in A U-Boat,1
A Stunning Epistle of a Boat And a Man who must Challenge a A Shark in A Baloon Factory,1
A Amazing Panorama of a Forensic Psychologist And a Technical Writer who must Fight a Dentist in A U-Boat,1
A Brilliant Panorama of a Hunter And a Explorer who must Pursue a Dentist in An Abandoned Fun House,1
A Lacklusture Drama of a Girl And a Technical Writer who must Redeem a Monkey in A Shark Tank,1
A Intrepid Documentary of a Astronaut And a Forensic Psychologist who must Find a Frisbee in An Abandoned Fun House,1
A Emotional Story of a Feminist And a Feminist who must Escape a Pastry Chef in A MySQL Convention,1
A Fast-Paced Yarn of a Waitress And a Composer who must Outgun a Dentist in California,1
A Epic Documentary of a Composer And a Robot who must Overcome a Car in Berlin,1
A Beautiful Yarn of a Composer And a Mad Cow who must Redeem a Mad Scientist in A Jet Boat,1
A Thrilling Yarn of a Dog And a Moose who must Kill a Pastry Chef in A Manhattan Penthouse,1
A Boring Panorama of a Woman And a Madman who must Overcome a Butler in A U-Boat,1
A Lacklusture Reflection of a Boat And a Forensic Psychologist who must Fight a Waitress in A Monastery,1
A Brilliant Character Study of a Database Administrator And a Monkey who must Succumb a Astronaut in New Orleans,1
A Emotional Display of a Man And a Explorer who must Build a Boy in A Manhattan Penthouse,1
A Action-Packed Saga of a Husband And a Dog who must Redeem a Database Administrator in The Sahara Desert,1
A Awe-Inspiring Panorama of a Lumberjack And a Waitress who must Defeat a Crocodile in An Abandoned Amusement Park,1
A Fast-Paced Saga of a Astronaut And a Secret Agent who must Escape a Hunter in An Abandoned Amusement Park,1
A Astounding Tale of a Crocodile And a Car who must Outrace a Squirrel in A U-Boat,1
A Awe-Inspiring Reflection of a Pastry Chef And a Teacher who must Overcome a Sumo Wrestler in A U-Boat,1
A Fateful Story of a Robot And a Dentist who must Defeat a Astronaut in New Orleans,1
A Beautiful Epistle of a Madman And a Butler who must Face a Crocodile in A Manhattan Penthouse,1
A Intrepid Tale of a Boat And a Monkey who must Kill a Cat in California,1
A Taut Drama of a Cat And a Girl who must Defeat a Frisbee in The Canadian Rockies,1
A Thoughtful Display of a Butler And a Womanizer who must Find a Waitress in The Canadian Rockies,1
A Thoughtful Yarn of a Womanizer And a Dog who must Challenge a Madman in The Gulf of Mexico,1
A Fanciful Panorama of a Boy And a Woman who must Vanquish a Database Administrator in The Outback,1
A Action-Packed Saga of a Moose And a Lumberjack who must Find a Woman in Berlin,1
A Astounding Display of a Forensic Psychologist And a Mad Scientist who must Challenge a Girl in New Orleans,1
A Touching Documentary of a Mad Cow And a Explorer who must Confront a Butler in A Manhattan Penthouse,1
A Awe-Inspiring Reflection of a Woman And a Cat who must Confront a Feminist in The Sahara Desert,1
A Fateful Character Study of a Butler And a Technical Writer who must Sink a Astronaut in Ancient Japan,1
A Boring Panorama of a Secret Agent And a Girl who must Sink a Waitress in The Outback,1
A Stunning Character Study of a Composer And a Mad Cow who must Succumb a Cat in Soviet Georgia,1
A Stunning Documentary of a Composer And a Mad Scientist who must Find a Technical Writer in A U-Boat,1
A Action-Packed Display of a Mad Cow And a Astronaut who must Kill a Car in Ancient India,1
A Brilliant Reflection of a Man And a Woman who must Conquer a Pioneer in A MySQL Convention,1
A Lacklusture Display of a Crocodile And a Butler who must Overcome a Monkey in A U-Boat,1
A Action-Packed Yarn of a Secret Agent And a Technical Writer who must Battle a Sumo Wrestler in The First Manned Space Station,1
A Epic Drama of a Lumberjack And a Explorer who must Confront a Hunter in A Baloon Factory,1
A Thrilling Epistle of a Dog And a Feminist who must Kill a Madman in Berlin,1
A Lacklusture Yarn of a Teacher And a Squirrel who must Overcome a Dog in A Shark Tank,1
A Astounding Saga of a Monkey And a Moose who must Conquer a Butler in A Shark Tank,1
A Action-Packed Tale of a Boy And a Lumberjack who must Chase a Madman in A Baloon,1
A Taut Yarn of a Technical Writer And a Feminist who must Outrace a Dog in California,1
A Intrepid Drama of a Astronaut And a Crocodile who must Find a Boat in Soviet Georgia,1
A Astounding Epistle of a Mad Scientist And a Pioneer who must Escape a Database Administrator in A MySQL Convention,1
A Amazing Character Study of a Teacher And a Database Administrator who must Defeat a Waitress in A Jet Boat,1
A Awe-Inspiring Story of a Butler And a Sumo Wrestler who must Redeem a Boy in New Orleans,1
A Boring Display of a Sumo Wrestler And a Husband who must Build a Waitress in The Gulf of Mexico,1
A Touching Yarn of a Student And a Moose who must Fight a Mad Cow in Australia,1
A Action-Packed Saga of a Forensic Psychologist And a Woman who must Battle a Womanizer in Soviet Georgia,1
A Emotional Yarn of a Composer And a Man who must Escape a Butler in The Gulf of Mexico,1
A Fanciful Documentary of a Husband And a Explorer who must Reach a Madman in Ancient China,1
A Emotional Tale of a Pastry Chef And a Forensic Psychologist who must Succumb a Monkey in The Sahara Desert,1
A Amazing Panorama of a Crocodile And a Forensic Psychologist who must Pursue a Secret Agent in The First Manned Space Station,1
A Astounding Drama of a Feminist And a Teacher who must Confront a Husband in A Baloon,1
A Beautiful Tale of a Dentist And a Mad Cow who must Battle a Moose in The Sahara Desert,1
A Action-Packed Yarn of a Womanizer And a Lumberjack who must Chase a Sumo Wrestler in A Monastery,1
A Action-Packed Drama of a Dentist And a Crocodile who must Battle a Feminist in The Canadian Rockies,1
A Unbelieveable Saga of a Forensic Psychologist And a Student who must Face a Squirrel in The First Manned Space Station,1
A Amazing Panorama of a Pastry Chef And a Boat who must Escape a Woman in An Abandoned Amusement Park,1
A Emotional Panorama of a Dentist And a Crocodile who must Meet a Boy in Berlin,1
A Amazing Saga of a Moose And a Pastry Chef who must Escape a Butler in Australia,1
A Action-Packed Saga of a Teacher And a Lumberjack who must Battle a Dentist in A Baloon,1
A Emotional Drama of a Womanizer And a Squirrel who must Vanquish a Crocodile in Ancient India,1
A Brilliant Panorama of a Technical Writer And a Lumberjack who must Escape a Butler in Ancient India,1
A Epic Tale of a Squirrel And a Hunter who must Conquer a Boy in An Abandoned Mine Shaft,1
A Awe-Inspiring Yarn of a Pastry Chef And a Database Administrator who must Challenge a Teacher in A Baloon,1
A Touching Story of a Womanizer And a Composer who must Pursue a Husband in Nigeria,1
A Fanciful Reflection of a Crocodile And a Astronaut who must Outrace a Feminist in An Abandoned Amusement Park,1
A Epic Drama of a Cat And a Explorer who must Redeem a Moose in Australia,1
A Astounding Character Study of a Boat And a Secret Agent who must Find a Mad Cow in The Sahara Desert,1
A Thoughtful Story of a Mad Cow And a Womanizer who must Overcome a Mad Scientist in Soviet Georgia,1
A Awe-Inspiring Reflection of a Forensic Psychologist And a Secret Agent who must Succumb a Pastry Chef in Soviet Georgia,1
A Intrepid Panorama of a Robot And a Boy who must Escape a Sumo Wrestler in Ancient China,1
A Brilliant Display of a Frisbee And a Mad Scientist who must Succumb a Robot in Ancient China,1
A Insightful Story of a Car And a Boy who must Battle a Technical Writer in A Baloon,1
A Beautiful Tale of a Frisbee And a Moose who must Vanquish a Dog in An Abandoned Amusement Park,1
A Fast-Paced Drama of a Pioneer And a Mad Cow who must Challenge a Madman in Ancient Japan,1
A Fateful Saga of a Moose And a Car who must Pursue a Woman in A MySQL Convention,1
A Thrilling Documentary of a Forensic Psychologist And a Butler who must Defeat a Explorer in A Jet Boat,1
A Touching Drama of a Robot And a Dentist who must Meet a Hunter in A Jet Boat,1
A Touching Character Study of a Woman And a Waitress who must Battle a Pastry Chef in A MySQL Convention,1
A Boring Panorama of a Man And a Mad Cow who must Face a Explorer in Ancient India,1
A Thoughtful Story of a Car And a Boy who must Find a A Shark in The Sahara Desert,1
A Stunning Reflection of a Student And a Technical Writer who must Battle a Butler in The First Manned Space Station,1
A Touching Saga of a Teacher And a Monkey who must Overcome a Secret Agent in A MySQL Convention,1
A Awe-Inspiring Drama of a Dog And a Man who must Escape a Robot in A Shark Tank,1
A Thoughtful Character Study of a Frisbee And a Pastry Chef who must Fight a Dentist in The First Manned Space Station,1
A Action-Packed Character Study of a Astronaut And a Explorer who must Reach a Monkey in A MySQL Convention,1
A Stunning Character Study of a Crocodile And a Pioneer who must Pursue a Teacher in New Orleans,1
A Action-Packed Display of a Woman And a Dentist who must Redeem a Forensic Psychologist in The Canadian Rockies,1
A Boring Story of a Car And a Butler who must Build a Girl in Soviet Georgia,1
A Astounding Display of a Secret Agent And a Technical Writer who must Escape a Mad Scientist in A Jet Boat,1
A Taut Documentary of a Waitress And a Mad Scientist who must Battle a Technical Writer in New Orleans,1
A Fast-Paced Display of a Squirrel And a Explorer who must Outgun a Mad Scientist in Nigeria,1
A Thrilling Drama of a Girl And a Robot who must Redeem a Waitress in An Abandoned Mine Shaft,1
A Taut Display of a Secret Agent And a Waitress who must Sink a Robot in An Abandoned Mine Shaft,1
A Fateful Yarn of a Composer And a Man who must Face a Boy in The Canadian Rockies,1
A Fanciful Panorama of a Mad Scientist And a Woman who must Pursue a Astronaut in Ancient India,1
A Thoughtful Drama of a Husband And a Secret Agent who must Pursue a Database Administrator in Ancient India,1
A Fateful Display of a Technical Writer And a Butler who must Battle a Sumo Wrestler in An Abandoned Mine Shaft,1
A Beautiful Yarn of a Astronaut And a Frisbee who must Overcome a Explorer in A Jet Boat,1
A Taut Saga of a Crocodile And a Boy who must Overcome a Technical Writer in Ancient China,1
A Fast-Paced Tale of a Dog And a Forensic Psychologist who must Meet a Astronaut in The First Manned Space Station,1
A Fast-Paced Epistle of a Boy And a Explorer who must Escape a Dog in A U-Boat,1
A Astounding Documentary of a Butler And a Womanizer who must Face a Dog in A U-Boat,1
A Boring Tale of a Husband And a Boy who must Fight a Squirrel in Ancient China,1
A Fast-Paced Display of a Lumberjack And a Mad Scientist who must Succumb a Sumo Wrestler in The Sahara Desert,1
A Intrepid Yarn of a Frisbee And a Dog who must Build a Astronaut in A Baloon Factory,1
A Lacklusture Epistle of a Boat And a Technical Writer who must Fight a A Shark in The Canadian Rockies,1
A Thoughtful Tale of a Woman And a A Shark who must Conquer a Dog in A Monastery,1
A Intrepid Reflection of a Waitress And a A Shark who must Kill a Squirrel in The Outback,1
A Insightful Documentary of a Technical Writer And a Feminist who must Challenge a Cat in A Baloon,1
A Thoughtful Drama of a Explorer And a Womanizer who must Meet a Teacher in California,1
A Beautiful Character Study of a Robot And a Astronaut who must Overcome a Boat in A Monastery,1
A Astounding Saga of a Dog And a Squirrel who must Conquer a Dog in An Abandoned Fun House,1
A Emotional Documentary of a Dentist And a Woman who must Battle a Mad Scientist in Ancient China,1
A Fast-Paced Display of a Pastry Chef And a Dog who must Kill a Teacher in Berlin,1
A Action-Packed Reflection of a Pastry Chef And a Composer who must Discover a Mad Scientist in The First Manned Space Station,1
A Insightful Character Study of a Girl And a Car who must Pursue a Mad Cow in A Shark Tank,1
A Thrilling Story of a Cat And a Waitress who must Fight a Explorer in The Outback,1
A Action-Packed Reflection of a Student And a Butler who must Discover a Database Administrator in A Manhattan Penthouse,1
A Action-Packed Drama of a Monkey And a Dentist who must Chase a Butler in Berlin,1
A Boring Reflection of a Secret Agent And a Astronaut who must Face a Composer in A Manhattan Penthouse,1
A Emotional Drama of a Boy And a Technical Writer who must Redeem a Sumo Wrestler in California,1
A Emotional Character Study of a Hunter And a Car who must Kill a Woman in Berlin,1
A Taut Reflection of a Husband And a A Shark who must Redeem a Pastry Chef in A Monastery,1
A Fanciful Display of a Teacher And a Crocodile who must Succumb a Girl in A Baloon,1
A Epic Tale of a Robot And a Monkey who must Vanquish a Man in New Orleans,1
A Amazing Documentary of a Secret Agent And a Astronaut who must Vanquish a Hunter in A Shark Tank,1
A Lacklusture Panorama of a Forensic Psychologist And a Woman who must Kill a Explorer in Ancient Japan,1
A Thoughtful Reflection of a Mad Scientist And a Moose who must Kill a Husband in A Baloon,1
A Thrilling Display of a Sumo Wrestler And a Girl who must Confront a Man in A Baloon,1
A Beautiful Tale of a Astronaut And a Mad Cow who must Challenge a Cat in A Baloon Factory,1
A Insightful Epistle of a Pastry Chef And a Womanizer who must Build a Boat in New Orleans,1
A Brilliant Display of a Composer And a Cat who must Succumb a A Shark in Ancient India,1
A Astounding Panorama of a Monkey And a Secret Agent who must Defeat a Woman in The First Manned Space Station,1
A Thrilling Reflection of a Pioneer And a Dentist who must Outrace a Womanizer in An Abandoned Mine Shaft,1
A Insightful Reflection of a A Shark And a Dog who must Kill a Butler in An Abandoned Amusement Park,1
A Stunning Reflection of a Robot And a Moose who must Challenge a Woman in California,1
A Astounding Character Study of a A Shark And a A Shark who must Discover a Crocodile in The Outback,1
A Fanciful Documentary of a Boy And a Woman who must Redeem a Womanizer in A Jet Boat,1
A Touching Display of a Feminist And a Girl who must Confront a Astronaut in Australia,1
A Fanciful Epistle of a Student And a Astronaut who must Kill a Waitress in A Shark Tank,1
A Fateful Yarn of a Composer And a Monkey who must Vanquish a Womanizer in The First Manned Space Station,1
A Insightful Documentary of a Waitress And a Butler who must Vanquish a Composer in Australia,1
A Touching Character Study of a Boat And a Student who must Sink a A Shark in Nigeria,1
A Stunning Panorama of a Sumo Wrestler And a Husband who must Redeem a Madman in Ancient India,1
A Intrepid Tale of a Pioneer And a Moose who must Conquer a Frisbee in A MySQL Convention,1
A Lacklusture Yarn of a Dentist And a Butler who must Meet a Secret Agent in Ancient China,1
A Beautiful Panorama of a Boat And a Crocodile who must Outrace a Dog in Australia,1
A Lacklusture Yarn of a Feminist And a Database Administrator who must Face a Hunter in New Orleans,1
A Astounding Epistle of a Database Administrator And a Mad Scientist who must Pursue a Cat in California,1
A Fateful Display of a Pioneer And a Hunter who must Defeat a Husband in An Abandoned Mine Shaft,1
A Unbelieveable Panorama of a Feminist And a Sumo Wrestler who must Challenge a Technical Writer in Ancient China,1
A Lacklusture Panorama of a Dentist And a Forensic Psychologist who must Outrace a Pioneer in A U-Boat,1
A Astounding Panorama of a Man And a Monkey who must Discover a Man in The First Manned Space Station,1
A Awe-Inspiring Panorama of a Crocodile And a Moose who must Confront a Girl in A Baloon,1
A Awe-Inspiring Character Study of a Boat And a Boy who must Kill a Pastry Chef in The Sahara Desert,1
A Action-Packed Saga of a Teacher And a Frisbee who must Escape a Lumberjack in The Sahara Desert,1
A Boring Character Study of a Boy And a Woman who must Battle a Astronaut in Australia,1
A Fateful Reflection of a Waitress And a Crocodile who must Challenge a Forensic Psychologist in California,1
A Epic Reflection of a Pastry Chef And a Explorer who must Reach a Dentist in The Sahara Desert,1
A Insightful Panorama of a Forensic Psychologist And a Mad Cow who must Build a Mad Scientist in The First Manned Space Station,1
A Stunning Tale of a Mad Cow And a Boy who must Battle a Boy in Berlin,1
A Astounding Tale of a A Shark And a Moose who must Meet a Womanizer in The Sahara Desert,1
A Fast-Paced Yarn of a Composer And a Frisbee who must Face a Moose in Nigeria,1
A Amazing Drama of a Car And a Robot who must Pursue a Dentist in New Orleans,1
A Emotional Epistle of a Squirrel And a Robot who must Confront a Lumberjack in Soviet Georgia,1
A Brilliant Documentary of a Monkey And a Car who must Conquer a Crocodile in A Shark Tank,1
A Beautiful Display of a Cat And a Pastry Chef who must Outrace a Mad Cow in A Jet Boat,1
A Fast-Paced Tale of a Pastry Chef And a Boat who must Face a Frisbee in The Canadian Rockies,1
A Emotional Reflection of a Dentist And a Mad Cow who must Face a Squirrel in A Baloon,1
A Touching Display of a Pioneer And a Butler who must Chase a Car in California,1
A Taut Reflection of a Teacher And a Database Administrator who must Chase a Madman in The Sahara Desert,1
A Insightful Story of a Man And a Feminist who must Fight a Composer in Australia,1
A Amazing Panorama of a Pioneer And a Student who must Overcome a Mad Scientist in A Manhattan Penthouse,1
A Fast-Paced Panorama of a Lumberjack And a Database Administrator who must Defeat a Madman in A MySQL Convention,1
A Thrilling Character Study of a Moose And a Student who must Escape a Butler in The First Manned Space Station,1
A Awe-Inspiring Display of a Squirrel And a Woman who must Overcome a Boy in The Gulf of Mexico,1
A Intrepid Saga of a Man And a Lumberjack who must Vanquish a Husband in The Outback,1
A Emotional Drama of a Monkey And a Robot who must Defeat a Monkey in New Orleans,1
A Awe-Inspiring Reflection of a Monkey And a Student who must Overcome a Dentist in The First Manned Space Station,1
A Astounding Character Study of a Monkey And a Moose who must Outgun a Cat in A U-Boat,1
A Touching Epistle of a Madman And a Mad Cow who must Defeat a Student in Nigeria,1
A Insightful Reflection of a Waitress And a Madman who must Pursue a Boy in Ancient Japan,1
A Awe-Inspiring Drama of a Girl And a Technical Writer who must Meet a Feminist in The Canadian Rockies,1
A Stunning Saga of a Mad Scientist And a Boat who must Overcome a Dentist in Ancient China,1
A Lacklusture Drama of a Forensic Psychologist And a Car who must Redeem a Man in A Manhattan Penthouse,1
A Awe-Inspiring Documentary of a Womanizer And a Pastry Chef who must Kill a Lumberjack in Berlin,1
A Taut Reflection of a Boy And a Waitress who must Outgun a Teacher in Ancient China,1
A Amazing Yarn of a Composer And a Squirrel who must Escape a Astronaut in Australia,1
A Touching Saga of a Robot And a Boy who must Kill a Man in Ancient Japan,1
A Touching Drama of a Dog And a Sumo Wrestler who must Conquer a Mad Scientist in Berlin,1
A Fanciful Character Study of a Secret Agent And a Mad Scientist who must Reach a Teacher in Australia,1
A Brilliant Tale of a Car And a Moose who must Battle a Dentist in Nigeria,1
A Epic Saga of a Waitress And a Composer who must Face a Boat in A U-Boat,1
A Unbelieveable Drama of a Student And a Husband who must Outrace a Sumo Wrestler in Berlin,1
A Awe-Inspiring Yarn of a Composer And a Man who must Find a Robot in Soviet Georgia,1
A Action-Packed Display of a Sumo Wrestler And a Car who must Overcome a Waitress in A Baloon Factory,1
A Stunning Reflection of a Boat And a Pastry Chef who must Succumb a A Shark in A Jet Boat,1
A Insightful Drama of a Womanizer And a Waitress who must Reach a Forensic Psychologist in The Outback,1
A Insightful Panorama of a Squirrel And a Mad Cow who must Confront a Student in The First Manned Space Station,1
A Thrilling Display of a Database Administrator And a Monkey who must Overcome a Dog in An Abandoned Fun House,1
A Action-Packed Tale of a Sumo Wrestler And a A Shark who must Meet a Frisbee in California,1
A Unbelieveable Story of a Mad Scientist And a Woman who must Overcome a Dog in California,1
A Intrepid Story of a Pastry Chef And a Database Administrator who must Kill a Feminist in A MySQL Convention,1
A Awe-Inspiring Reflection of a Cat And a Pioneer who must Escape a Hunter in Ancient China,1
A Stunning Epistle of a Feminist And a A Shark who must Battle a Woman in An Abandoned Fun House,1
A Boring Drama of a A Shark And a Explorer who must Redeem a Waitress in The Canadian Rockies,1
A Taut Reflection of a Robot And a Squirrel who must Fight a Boat in Ancient Japan,1
A Intrepid Story of a Sumo Wrestler And a Teacher who must Meet a A Shark in An Abandoned Fun House,1
A Lacklusture Panorama of a Woman And a Frisbee who must Chase a Crocodile in A Jet Boat,1
A Intrepid Epistle of a Pastry Chef And a Pastry Chef who must Pursue a Crocodile in Ancient China,1
A Unbelieveable Epistle of a Sumo Wrestler And a Hunter who must Chase a Forensic Psychologist in A Baloon,1
A Fateful Display of a Lumberjack And a Girl who must Succumb a Mad Cow in A Manhattan Penthouse,1
A Thoughtful Panorama of a Mad Cow And a Student who must Battle a Forensic Psychologist in Berlin,1
A Taut Documentary of a Database Administrator And a Waitress who must Reach a Mad Scientist in A Baloon Factory,1
A Fast-Paced Display of a Robot And a Butler who must Defeat a Butler in A MySQL Convention,1
A Astounding Tale of a Mad Scientist And a Husband who must Redeem a Database Administrator in Ancient Japan,1
A Astounding Documentary of a Butler And a Explorer who must Challenge a Butler in A Monastery,1
A Action-Packed Tale of a Student And a Waitress who must Conquer a Lumberjack in An Abandoned Mine Shaft,1
A Amazing Yarn of a Dentist And a A Shark who must Vanquish a Madman in An Abandoned Mine Shaft,1
A Lacklusture Character Study of a A Shark And a Man who must Find a Forensic Psychologist in A U-Boat,1
A Lacklusture Display of a Explorer And a Hunter who must Succumb a Database Administrator in A Baloon Factory,1
A Fanciful Panorama of a Technical Writer And a Boy who must Find a Dentist in An Abandoned Fun House,1
A Taut Tale of a Explorer And a Pastry Chef who must Conquer a Hunter in A MySQL Convention,1
A Boring Character Study of a A Shark And a Girl who must Outrace a Feminist in An Abandoned Mine Shaft,1
A Emotional Panorama of a Pioneer And a Composer who must Escape a Mad Scientist in A Jet Boat,1
A Lacklusture Saga of a Mad Cow And a Mad Scientist who must Sink a Cat in A MySQL Convention,1
A Action-Packed Story of a Frisbee And a Woman who must Reach a Girl in An Abandoned Mine Shaft,1
A Boring Character Study of a Man And a Womanizer who must Succumb a Teacher in An Abandoned Amusement Park,1
A Boring Epistle of a Crocodile And a Lumberjack who must Outgun a Moose in Ancient China,1
A Unbelieveable Character Study of a Dog And a Mad Cow who must Kill a Monkey in Berlin,1
A Fanciful Story of a Database Administrator And a Womanizer who must Fight a Database Administrator in Ancient China,1
A Action-Packed Epistle of a Robot And a Car who must Chase a Boat in Ancient Japan,1
A Emotional Yarn of a Teacher And a Girl who must Find a Teacher in A Baloon Factory,1
A Brilliant Documentary of a Womanizer And a Squirrel who must Find a Technical Writer in The Sahara Desert,1
A Emotional Drama of a Husband And a Lumberjack who must Build a Cat in Ancient India,1
A Awe-Inspiring Epistle of a Teacher And a Feminist who must Confront a Pioneer in Ancient Japan,1
A Lacklusture Tale of a Crocodile And a Composer who must Defeat a Madman in A U-Boat,1
A Stunning Saga of a Butler And a Woman who must Pursue a Explorer in Australia,1
A Emotional Display of a Crocodile And a Husband who must Reach a Man in Ancient Japan,1
A Taut Reflection of a Astronaut And a Squirrel who must Fight a Squirrel in A Manhattan Penthouse,1
A Fateful Display of a Waitress And a Dentist who must Reach a Butler in Nigeria,1
A Awe-Inspiring Story of a Waitress And a Dog who must Discover a Dentist in Ancient Japan,1
A Fateful Epistle of a Butler And a Boy who must Redeem a Teacher in Berlin,1
A Beautiful Story of a Monkey And a Sumo Wrestler who must Conquer a A Shark in A MySQL Convention,1
A Thrilling Panorama of a Pastry Chef And a Secret Agent who must Overcome a Student in A Manhattan Penthouse,1
A Fateful Panorama of a Crocodile And a Boy who must Defeat a Monkey in The Gulf of Mexico,1
A Boring Story of a Butler And a Astronaut who must Outrace a Pioneer in Australia,1
A Thoughtful Display of a Mad Scientist And a Secret Agent who must Chase a Boat in Berlin,1
A Amazing Story of a Mad Cow And a Dog who must Kill a Husband in A Monastery,1
A Astounding Panorama of a Composer And a Frisbee who must Reach a Husband in Ancient Japan,1
A Intrepid Yarn of a Database Administrator And a Boat who must Outrace a Husband in Ancient India,1
A Thoughtful Drama of a A Shark And a Forensic Psychologist who must Vanquish a Student in Ancient India,1
A Unbelieveable Story of a Mad Scientist And a Technical Writer who must Discover a Composer in Ancient China,1
A Fanciful Documentary of a Mad Cow And a Womanizer who must Find a Dentist in Berlin,1
A Insightful Panorama of a Cat And a Boat who must Defeat a Boat in The Gulf of Mexico,1
A Lacklusture Reflection of a Car And a Explorer who must Find a Monkey in A Baloon,1
A Epic Character Study of a Frisbee And a Moose who must Outgun a Technical Writer in A Shark Tank,1
A Fast-Paced Reflection of a Waitress And a Hunter who must Defeat a Forensic Psychologist in A Baloon,1
A Brilliant Panorama of a Moose And a Man who must Reach a Teacher in The Gulf of Mexico,1
A Action-Packed Epistle of a Dentist And a Moose who must Meet a Mad Cow in Ancient Japan,1
A Fanciful Saga of a Hunter And a Pastry Chef who must Vanquish a Boy in Australia,1
A Intrepid Documentary of a Frisbee And a Dog who must Outrace a Lumberjack in Nigeria,1
A Stunning Character Study of a Car And a Girl who must Succumb a Car in A MySQL Convention,1
A Lacklusture Saga of a Boy And a Cat who must Sink a Dentist in An Abandoned Mine Shaft,1
A Intrepid Character Study of a Moose And a Waitress who must Find a A Shark in Ancient India,1
A Brilliant Panorama of a Dentist And a Moose who must Find a Student in The Gulf of Mexico,1
A Astounding Documentary of a Mad Cow And a Pioneer who must Challenge a Butler in The Sahara Desert,1
A Stunning Epistle of a Sumo Wrestler And a Man who must Challenge a Waitress in Ancient India,1
A Fast-Paced Story of a Waitress And a Cat who must Fight a Girl in Australia,1
A Insightful Reflection of a Boat And a Secret Agent who must Vanquish a Astronaut in An Abandoned Mine Shaft,1
A Thoughtful Drama of a Composer And a Feminist who must Meet a Secret Agent in The Canadian Rockies,1
A Amazing Drama of a Butler And a Husband who must Reach a A Shark in A U-Boat,1
A Touching Saga of a Sumo Wrestler And a Cat who must Pursue a Mad Scientist in Nigeria,1
A Astounding Documentary of a Butler And a Cat who must Find a Frisbee in Ancient China,1
A Astounding Character Study of a Composer And a Student who must Overcome a Composer in A Monastery,1
A Beautiful Saga of a Lumberjack And a Teacher who must Build a Technical Writer in An Abandoned Fun House,1
A Beautiful Reflection of a Womanizer And a Sumo Wrestler who must Chase a Database Administrator in The Gulf of Mexico,1
A Awe-Inspiring Yarn of a Womanizer And a Explorer who must Fight a Woman in The First Manned Space Station,1
A Beautiful Panorama of a Pastry Chef And a A Shark who must Battle a Pioneer in Soviet Georgia,1
A Taut Display of a Pioneer And a Man who must Reach a Girl in The Gulf of Mexico,1
A Boring Tale of a Dog And a Woman who must Meet a Dentist in California,1
A Amazing Display of a Mad Cow And a Pioneer who must Redeem a Sumo Wrestler in The Outback,1
A Fateful Saga of a A Shark And a Technical Writer who must Find a Woman in A Jet Boat,1
A Amazing Drama of a Car And a Squirrel who must Pursue a Car in Soviet Georgia,1
A Stunning Saga of a Sumo Wrestler And a Student who must Outrace a Moose in The Sahara Desert,1
A Beautiful Reflection of a Student And a Student who must Fight a Moose in Berlin,1
A Intrepid Panorama of a Butler And a Composer who must Meet a Mad Cow in The Sahara Desert,1
A Beautiful Character Study of a Woman And a Man who must Pursue a Explorer in A U-Boat,1
A Intrepid Documentary of a Sumo Wrestler And a Astronaut who must Battle a Composer in The Outback,1
A Fateful Documentary of a Pastry Chef And a Butler who must Build a Dog in The Canadian Rockies,1
A Fanciful Documentary of a Pioneer And a Boat who must Pursue a Pioneer in An Abandoned Mine Shaft,1
A Thrilling Reflection of a Feminist And a Cat who must Find a Frisbee in An Abandoned Fun House,1
A Lacklusture Drama of a Secret Agent And a Explorer who must Discover a Car in A U-Boat,1
A Epic Character Study of a Feminist And a Student who must Meet a Woman in A Baloon,1
A Action-Packed Yarn of a Boat And a Crocodile who must Build a Monkey in Berlin,1
A Boring Drama of a Dog And a Forensic Psychologist who must Outrace a Explorer in Ancient India,1
A Epic Drama of a Mad Scientist And a Explorer who must Succumb a Waitress in An Abandoned Fun House,1
A Astounding Documentary of a Astronaut And a Boy who must Outrace a Sumo Wrestler in Berlin,1
A Astounding Yarn of a Womanizer And a Dog who must Reach a Waitress in A MySQL Convention,1
A Thrilling Display of a Lumberjack And a Crocodile who must Meet a Monkey in A Baloon Factory,1
A Insightful Saga of a Mad Scientist And a Mad Scientist who must Kill a Astronaut in An Abandoned Fun House,1
A Taut Character Study of a Explorer And a Mad Cow who must Battle a Hunter in Ancient China,1
A Fateful Yarn of a Husband And a Dog who must Battle a Waitress in A Jet Boat,1
A Fast-Paced Tale of a Car And a Dog who must Outgun a A Shark in Australia,1
A Beautiful Documentary of a Astronaut And a Moose who must Pursue a Monkey in A Shark Tank,1
A Action-Packed Reflection of a Car And a Moose who must Outgun a Car in A Shark Tank,1
A Thrilling Panorama of a Technical Writer And a Car who must Discover a Forensic Psychologist in A Shark Tank,1
A Boring Drama of a Astronaut And a Boat who must Face a Boat in California,1
A Thoughtful Drama of a Robot And a Womanizer who must Kill a Lumberjack in A Baloon,1
A Amazing Reflection of a Database Administrator And a Astronaut who must Outrace a Database Administrator in A Shark Tank,1
A Emotional Character Study of a Dentist And a Crocodile who must Meet a Sumo Wrestler in California,1
A Lacklusture Drama of a Student And a Monkey who must Sink a Womanizer in A MySQL Convention,1
A Boring Epistle of a Boat And a Database Administrator who must Kill a Sumo Wrestler in The First Manned Space Station,1
A Fateful Yarn of a Secret Agent And a Feminist who must Find a Feminist in A Jet Boat,1
A Fast-Paced Reflection of a Explorer And a Butler who must Battle a Madman in An Abandoned Amusement Park,1
A Epic Yarn of a Forensic Psychologist And a Teacher who must Face a Lumberjack in California,1
A Epic Display of a Pioneer And a Student who must Challenge a Butler in The Gulf of Mexico,1
A Emotional Yarn of a A Shark And a Student who must Battle a Robot in An Abandoned Mine Shaft,1
A Beautiful Panorama of a Lumberjack And a Forensic Psychologist who must Overcome a Frisbee in A Baloon,1
A Emotional Yarn of a Robot And a Boy who must Outgun a Technical Writer in A U-Boat,1
