film_title,frequency
Graceland Dynamite,1
Opus Ice,1
Braveheart Human,1
Wonderful Drop,1
Rush Goodfellas,1
Purple Movie,1
Minority Kiss,1
Luke Mummy,1
Fantasy Troopers,1
Grinch Massage,1
Gaslight Crusade,1
Microcosmos Paradise,1
Saturn Name,1
Memento Zoolander,1
Sunset Racer,1
Zoolander Fiction,1
Carol Texas,1
Stepmom Dream,1
Minds Truman,1
Gump Date,1
Arabia Dogma,1
Baked Cleopatra,1
Closer Bang,1
Enough Raging,1
Grosse Wonderful,1
Sleepless Monsoon,1
Innocent Usual,1
Suit Walls,1
Wizard Coldblooded,1
Lonely Elephant,1
Victory Academy,1
Bedazzled Married,1
Tadpole Park,1
Maker Gables,1
Private Drop,1
Worker Tarzan,1
Gosford Donnie,1
Drop Waterfront,1
Annie Identity,1
Lesson Cleopatra,1
Wanda Chamber,1
Garden Island,1
Dwarfs Alter,1
Graduate Lord,1
Patriot Roman,1
Novocaine Flight,1
Necklace Outbreak,1
Menagerie Rushmore,1
Sleeping Suspects,1
Uncut Suicides,1
Midnight Westward,1
Rock Instinct,1
Jersey Sassy,1
Magnificent Chitty,1
Clones Pinocchio,1
Insects Stone,1
Giant Troopers,1
Loser Hustler,1
Heavyweights Beast,1
Boondock Ballroom,1
Entrapment Satisfaction,1
Firehouse Vietnam,1
Core Suit,1
Butch Panther,1
Cyclone Family,1
Cabin Flash,1
Slacker Liaisons,1
Jaws Harry,1
Fellowship Autumn,1
Bowfinger Gables,1
Birdcage Casper,1
Forever Candidate,1
Guys Falcon,1
Dangerous Uptown,1
Warlock Werewolf,1
None Spiking,1
Bringing Hysterical,1
Haunting Pianist,1
Motions Details,1
Agent Truman,1
Tenenbaums Command,1
Tarzan Videotape,1
Secrets Paradise,1
Double Wrath,1
Greatest North,1
Birch Antitrust,1
Sense Greek,1
Walls Artist,1
Secretary Rouge,1
Invasion Cyclone,1
Daughter Madigan,1
Congeniality Quest,1
Crossroads Casualties,1
Reef Salute,1
French Holiday,1
Canyon Stock,1
Rugrats Shakespeare,1
Highball Potter,1
Translation Summer,1
Papi Necklace,1
Tycoon Gathering,1
Peak Forever,1
Loverboy Attacks,1
Earring Instinct,1
Ship Wonderland,1
Rouge Squad,1
Wonderland Christmas,1
Clue Grail,1
Finding Anaconda,1
Thin Sagebrush,1
Nash Chocolat,1
Wrath Mile,1
Harold French,1
Forrest Sons,1
Pure Runner,1
Witches Panic,1
Turn Star,1
Anthem Luke,1
Duffel Apocalypse,1
Shrek License,1
Impossible Prejudice,1
Heaven Freedom,1
Peach Innocent,1
Dazed Punk,1
Frisco Forrest,1
Reds Pocus,1
Music Boondock,1
Chisum Behavior,1
Volcano Texas,1
Daisy Menagerie,1
Lost Bird,1
Conversation Downhill,1
Caribbean Liberty,1
Lambs Cincinatti,1
Escape Metropolis,1
Dumbo Lust,1
Pizza Jumanji,1
Hills Neighbors,1
Truman Crazy,1
Chance Resurrection,1
Candidate Perdition,1
Spiking Element,1
Fight Jawbreaker,1
Apache Divine,1
Shining Roses,1
Ishtar Rocketeer,1
Flying Hook,1
Greedy Roots,1
Desperate Trainspotting,1
Forrester Comancheros,1
Dirty Ace,1
Trading Pinocchio,1
Paths Control,1
Graffiti Love,1
Amelie Hellfighters,1
Pickup Driving,1
Panic Club,1
Crazy Home,1
Forward Temple,1
Vertigo Northwest,1
Jericho Mulan,1
Gunfighter Mussolini,1
Bilko Anonymous,1
Spice Sorority,1
Blade Polish,1
Massage Image,1
Home Pity,1
Boulevard Mob,1
Dalmations Sweden,1
Hunter Alter,1
Zorro Ark,1
Silence Kane,1
Taxi Kick,1
Resurrection Silverado,1
Suspects Quills,1
Dracula Crystal,1
Harper Dying,1
Simon North,1
Vacation Boondock,1
Chitty Lock,1
Ballroom Mockingbird,1
Legally Secretary,1
Gladiator Westward,1
Barefoot Manchurian,1
Cruelty Unforgiven,1
Smoking Barbarella,1
Soldiers Evolution,1
Robbers Joon,1
Telemark Heartbreakers,1
Westward Seabiscuit,1
Notorious Reunion,1
Million Ace,1
Coneheads Smoochy,1
Ali Forever,1
Suicides Silence,1
Bird Independence,1
Mask Peach,1
Intrigue Worst,1
Scissorhands Slums,1
Boiled Dares,1
Majestic Floats,1
Past Suicides,1
Masked Bubble,1
Bull Shawshank,1
Sagebrush Clueless,1
Reap Unfaithful,1
Gunfight Moon,1
Lock Rear,1
Beethoven Exorcist,1
Vietnam Smoochy,1
Breaking Home,1
Runaway Tenenbaums,1
Head Stranger,1
Quest Mussolini,1
Ace Goldfinger,1
Dancing Fever,1
Image Princess,1
Fool Mockingbird,1
Panther Reds,1
Holocaust Highball,1
Bright Encounters,1
Adaptation Holes,1
Deceiver Betrayed,1
Antitrust Tomatoes,1
Fatal Haunted,1
Sons Interview,1
Yentl Idaho,1
Modern Dorado,1
Rage Games,1
Monsoon Cause,1
Uprising Uptown,1
Jason Trap,1
Sweet Brotherhood,1
Crusade Honey,1
Arachnophobia Rollercoaster,1
Stallion Sundance,1
Crossing Divorce,1
Easy Gladiator,1
Creatures Shakespeare,1
Snatchers Montezuma,1
Shock Cabin,1
Island Exorcist,1
Seattle Expecations,1
Liberty Magnificent,1
Gun Bonnie,1
Alabama Devil,1
Train Bunch,1
Identity Lover,1
Clyde Theory,1
Troopers Metal,1
Primary Glass,1
Frankenstein Stranger,1
Excitement Eve,1
Affair Prejudice,1
Impact Aladdin,1
Fury Murder,1
Deep Crusade,1
Sierra Divide,1
Dinosaur Secretary,1
Kill Brotherhood,1
Muppet Mile,1
Mosquito Armageddon,1
Jungle Closer,1
Freedom Cleopatra,1
Indian Love,1
Glass Dying,1
Born Spinal,1
Life Twisted,1
Massacre Usual,1
Kissing Dolls,1
Greek Everyone,1
Meet Chocolate,1
Titans Jerk,1
Dorado Notting,1
Hanging Deep,1
Streetcar Intentions,1
Hardly Robbers,1
War Notting,1
Diary Panic,1
Instinct Airport,1
Bikini Borrowers,1
Rebel Airport,1
Flamingos Connecticut,1
Cincinatti Whisperer,1
Trainspotting Strangers,1
Pelican Comforts,1
Madre Gables,1
Lord Arizona,1
Feathers Metal,1
Hook Chariots,1
Groove Fiction,1
Window Side,1
Silverado Goldfinger,1
Willow Tracy,1
Mannequin Worst,1
Hocus Frida,1
Natural Stock,1
Roses Treasure,1
Karate Moon,1
Racer Egg,1
Jawbreaker Brooklyn,1
Alice Fantasia,1
Mixed Doors,1
Potter Connecticut,1
Order Betrayed,1
Mighty Luck,1
Sabrina Midnight,1
Roxanne Rebel,1
Fidelity Devil,1
Madness Attacks,1
Star Operation,1
Mussolini Spoilers,1
Vanilla Day,1
Bunch Minds,1
Sweethearts Suspects,1
Won Dares,1
Lola Agent,1
Reunion Witches,1
Unfaithful Kill,1
Encino Elf,1
Hustler Party,1
Spirit Flintstones,1
Rollercoaster Bringing,1
Details Packer,1
Pianist Outfield,1
Luck Opus,1
Butterfly Chocolat,1
Mallrats United,1
Queen Luke,1
Desire Alien,1
Glory Tracy,1
Bound Cheaper,1
Academy Dinosaur,1
Igby Maker,1
Gentlemen Stage,1
Pollock Deliverance,1
Sleuth Orient,1
Prejudice Oleander,1
Odds Boogie,1
Freddy Storm,1
Cowboy Doom,1
Valentine Vanishing,1
Show Lord,1
Confidential Interview,1
Armageddon Lost,1
Grail Frankenstein,1
Edge Kissing,1
Half Outfield,1
Love Suicides,1
Seven Swarm,1
Oscar Gold,1
Lies Treatment,1
Chocolat Harry,1
Wind Phantom,1
Casablanca Super,1
Random Go,1
Newsies Story,1
Leathernecks Dwarfs,1
Knock Warlock,1
Pajama Jawbreaker,1
Joon Northwest,1
Stage World,1
American Circus,1
Siege Madre,1
Rear Trading,1
Angels Life,1
Crooked Frogmen,1
Tramp Others,1
Jingle Sagebrush,1
Artist Coldblooded,1
Beverly Outlaw,1
Doom Dancing,1
Rings Heartbreakers,1
Mine Titans,1
Hunting Musketeers,1
Lights Deer,1
Mars Roman,1
Champion Flatliners,1
Temple Attraction,1
Roman Punk,1
Dragon Squad,1
Moulin Wake,1
Fiction Christmas,1
Princess Giant,1
Empire Malkovich,1
Fish Opus,1
Tequila Past,1
Theory Mermaid,1
Rocketeer Mother,1
Divine Resurrection,1
Manchurian Curtain,1
Casper Dragonfly,1
Mulan Moon,1
Newton Labyrinth,1
Lebowski Soldiers,1
Bubble Grosse,1
Berets Agent,1
Uptown Young,1
South Wait,1
Searchers Wait,1
Center Dinosaur,1
Spartacus Cheaper,1
Wedding Apollo,1
Perfect Groove,1
Dawn Pond,1
Ties Hunger,1
Satisfaction Confidential,1
Speed Suit,1
Halloween Nuts,1
Vision Torque,1
Blackout Private,1
Iron Moon,1
Bonnie Holocaust,1
Coma Head,1
Disciple Mother,1
Vanishing Rocky,1
Paris Weekend,1
Floats Garden,1
Bill Others,1
Mob Duffel,1
Expendable Stallion,1
Patton Interview,1
Club Graffiti,1
Alien Center,1
Network Peak,1
Jade Bunch,1
Outfield Massacre,1
Name Detective,1
Watership Frontier,1
Trojan Tomorrow,1
Apocalypse Flamingos,1
Cat Coneheads,1
Varsity Trip,1
Strangelove Desire,1
Egypt Tenenbaums,1
Pirates Roxanne,1
Divorce Shining,1
Vampire Whale,1
Oz Liaisons,1
Ghostbusters Elf,1
Traffic Hobbit,1
Whale Bikini,1
Nuts Ties,1
Moonwalker Fool,1
Cheaper Clyde,1
Watch Tracy,1
Lust Lock,1
Citizen Shrek,1
Command Darling,1
Heartbreakers Bright,1
Patient Sister,1
Outbreak Divine,1
Bed Highball,1
Requiem Tycoon,1
National Story,1
Jeepers Wedding,1
Frida Slipper,1
Mourning Purple,1
Language Cowboy,1
Doors President,1
Barbarella Streetcar,1
Hoosiers Birdcage,1
Blindness Gun,1
Maltese Hope,1
Chamber Italian,1
Tomatoes Hellfighters,1
Moon Bunch,1
Army Flintstones,1
Wonka Sea,1
Honey Ties,1
Hedwig Alter,1
Hurricane Affair,1
Nightmare Chill,1
Matrix Snowman,1
Shootist Superfly,1
Hanky October,1
Orient Closer,1
Lawrence Love,1
Flight Lies,1
Usual Untouchables,1
Squad Fish,1
Shakespeare Saddle,1
Shepherd Midsummer,1
Wisdom Worker,1
African Egg,1
Family Sweet,1
Wait Cider,1
October Submarine,1
World Leathernecks,1
Encounters Curtain,1
California Birds,1
Apollo Teen,1
Dream Pickup,1
Brooklyn Desert,1
Phantom Glory,1
Arizona Bang,1
Midsummer Groundhog,1
Alaska Phantom,1
Stampede Disturbing,1
Attraction Newton,1
Earth Vision,1
Telegraph Voyage,1
Clueless Bucket,1
King Evolution,1
Hall Cassidy,1
Slums Duck,1
Desert Poseidon,1
Wardrobe Phantom,1
Bride Intrigue,1
Gangs Pride,1
Games Bowfinger,1
Sensibility Rear,1
Pluto Oleander,1
Homicide Peach,1
Kick Savannah,1
Ladybugs Armageddon,1
Darko Dorado,1
Lion Uncut,1
Creepers Kane,1
Superfly Trip,1
Song Hedwig,1
President Bang,1
Loathing Legally,1
Northwest Polish,1
Tracy Cider,1
Gilmore Boiled,1
Doctor Grail,1
Wars Pluto,1
Jumanji Blade,1
Noon Papi,1
Drumline Cyclone,1
Bang Kwai,1
Disturbing Scarface,1
Vanished Garden,1
Robbery Bright,1
Dolls Rage,1
Borrowers Bedazzled,1
Tootsie Pilot,1
Crystal Breaking,1
Spy Mile,1
Operation Operation,1
Destiny Saturday,1
Homeward Cider,1
Galaxy Sweethearts,1
Sorority Queen,1
Groundhog Uncut,1
Santa Paris,1
Pittsburgh Hunchback,1
Hyde Doctor,1
Open African,1
Jacket Frisco,1
Untouchables Sunrise,1
Sugar Wonka,1
Videotape Arsenic,1
English Bulworth,1
Packer Madigan,1
Chill Luck,1
Metropolis Coma,1
Chainsaw Uptown,1
Roots Remember,1
Divide Monster,1
Autumn Crow,1
Frost Head,1
Saints Bride,1
Lucky Flying,1
Caddyshack Jedi,1
Airport Pollock,1
Raiders Antitrust,1
Happiness United,1
Express Lonely,1
Date Speed,1
Thief Pelican,1
Moonshine Cabin,1
Submarine Bed,1
Clerks Angels,1
Unforgiven Zoolander,1
Amadeus Holy,1
Musketeers Wait,1
Malkovich Pet,1
Heavenly Gun,1
Chaplin License,1
Anything Savannah,1
Elizabeth Shane,1
Outlaw Hanky,1
Blues Instinct,1
Maiden Home,1
Torque Bound,1
Weekend Personal,1
Airplane Sierra,1
Werewolf Lola,1
Hellfighters Sierra,1
Bucket Brotherhood,1
School Jacket,1
Bear Graceland,1
Strangers Graffiti,1
Zhivago Core,1
Inch Jet,1
Driver Annie,1
Tourist Pelican,1
Beneath Rush,1
Goodfellas Salute,1
Conquerer Nuts,1
Polish Brooklyn,1
Elf Murder,1
Japanese Run,1
Stagecoach Armageddon,1
Ark Ridgemont,1
Hanover Galaxy,1
Italian African,1
Rainbow Shock,1
Amistad Midsummer,1
League Hellfighters,1
Fever Empire,1
Trip Newton,1
Reign Gentlemen,1
Perdition Fargo,1
Flatliners Killer,1
Villain Desperate,1
Spinal Rocky,1
Early Home,1
Clockwork Paradise,1
Jet Neighbors,1
Breakfast Goldfinger,1
Sunrise League,1
Paradise Sabrina,1
Speakeasy Date,1
Wash Heavenly,1
Tights Dawn,1
Backlash Undefeated,1
Sea Virgin,1
Legend Jedi,1
Control Anthem,1
Cider Desire,1
Prix Undefeated,1
Behavior Runaway,1
Downhill Enough,1
Dances None,1
Fargo Gandhi,1
Volume House,1
Gandhi Kwai,1
Kentuckian Giant,1
Fiddler Lost,1
Rules Human,1
Super Wyoming,1
Aladdin Calendar,1
Magic Mallrats,1
Exorcist Sting,1
Harry Idaho,1
Basic Easy,1
Orange Grapes,1
Contact Anonymous,1
Cassidy Wyoming,1
Kane Exorcist,1
Sweden Shining,1
Mission Zoolander,1
Model Fish,1
Alone Trip,1
Youth Kick,1
Town Ark,1
Darling Breaking,1
Crow Grease,1
Sun Confessions,1
Day Unfaithful,1
Pilot Hoosiers,1
Psycho Shrunk,1
Philadelphia Wife,1
Wife Turn,1
Holes Brannigan,1
Valley Packer,1
Coldblooded Darling,1
Horror Reign,1
Color Philadelphia,1
Banger Pinocchio,1
Streak Ridgemont,1
Steel Santa,1
Teen Apollo,1
Bulworth Commandments,1
Trap Guys,1
Neighbors Charade,1
Boogie Amelie,1
Grit Clockwork,1
Shane Darkness,1
Haunted Antitrust,1
Eagles Panky,1
Stone Fire,1
Effect Gladiator,1
Young Language,1
Candles Grapes,1
Darn Forrester,1
Hotel Happiness,1
Chinatown Gladiator,1
Splendor Patton,1
Alamo Videotape,1
Hunger Roof,1
Independence Hotel,1
Arsenic Independence,1
Mermaid Insects,1
Hysterical Grail,1
Unbreakable Karate,1
Brannigan Sunrise,1
High Encino,1
Hamlet Wisdom,1
Lose Inch,1
Devil Desire,1
Everyone Craft,1
Virtual Spoilers,1
Hunchback Impossible,1
Run Pacific,1
Connecticut Tramp,1
Ice Crossing,1
Daddy Pittsburgh,1
Factory Dragon,1
Betrayed Rear,1
Analyze Hoosiers,1
Working Microcosmos,1
Mod Secretary,1
Flintstones Happiness,1
Ferris Mother,1
Fire Wolves,1
Lawless Vision,1
Splash Gump,1
Comancheros Enemy,1
Jumping Wrath,1
Shawshank Bubble,1
Waterfront Deliverance,1
Voice Peach,1
Personal Ladybugs,1
Wrong Behavior,1
Cause Date,1
Bugsy Song,1
Montezuma Command,1
Curtain Videotape,1
Worst Banger,1
Holiday Games,1
Fireball Philadelphia,1
Eve Resurrection,1
Gables Metropolis,1
Talented Homicide,1
Words Hunter,1
Records Zorro,1
Element Freddy,1
Spirited Casualties,1
Egg Igby,1
Seabiscuit Punk,1
Magnolia Forrester,1
Cupboard Sinners,1
Tuxedo Mile,1
Beach Heartbreakers,1
Human Graffiti,1
Louisiana Harry,1
Donnie Alley,1
Something Duck,1
Pity Bound,1
Evolution Alter,1
Treatment Jekyll,1
Hope Tootsie,1
Flash Wars,1
Crowds Telemark,1
Pocus Pulp,1
Voyage Legally,1
Trouble Date,1
Sky Miracle,1
Alley Evolution,1
Hollywood Anonymous,1
Coast Rainbow,1
Mummy Creatures,1
Room Roman,1
Frontier Cabin,1
Dozen Lion,1
Casualties Encino,1
Velvet Terminator,1
Money Harold,1
Sling Luke,1
Pacific Amistad,1
Eyes Driving,1
Wasteland Divine,1
Dares Pluto,1
Gleaming Jawbreaker,1
Saturday Lambs,1
Fantasia Park,1
Beast Hunchback,1
Commandments Express,1
Roof Champion,1
Kramer Chocolate,1
Pinocchio Simon,1
Catch Amistad,1
Wyoming Storm,1
Wolves Desire,1
Maguire Apache,1
Carrie Bunch,1
Jeopardy Encino,1
Labyrinth League,1
Juggler Hardly,1
Brotherhood Blanket,1
Poseidon Forever,1
Texas Watch,1
Women Dorado,1
Strictly Scarface,1
Charade Duffel,1
Summer Scarface,1
Lolita World,1
Mile Mulan,1
Rocky War,1
Cleopatra Devil,1
Kiss Glory,1
Pride Alamo,1
Jedi Beneath,1
Ridgemont Submarine,1
Redemption Comforts,1
Chariots Conspiracy,1
Informer Double,1
Scarface Bang,1
Titanic Boondock,1
Interview Liaisons,1
Smoochy Control,1
Steers Armageddon,1
Runner Madigan,1
Range Moonwalker,1
Remember Diary,1
Wild Apollo,1
Go Purple,1
Jekyll Frogmen,1
Pet Haunting,1
Opposite Necklace,1
Scalawag Duck,1
Enemy Odds,1
Camelot Vacation,1
Illusion Amelie,1
Chocolate Duck,1
Bingo Talented,1
Twisted Pirates,1
Miracle Virtual,1
Gold River,1
Dude Blindness,1
Undefeated Dalmations,1
Kwai Homeward,1
Insider Arizona,1
Campus Remember,1
Jerk Paycheck,1
Baby Hall,1
Killer Innocent,1
Sassy Packer,1
Sleepy Japanese,1
Blanket Beverly,1
Treasure Command,1
Platoon Instinct,1
Chicken Hellfighters,1
Pulp Beverly,1
Shrunk Divine,1
Quills Bull,1
Dragonfly Strangers,1
Lady Stage,1
Virgin Daisy,1
Argonauts Town,1
Gorgeous Bingo,1
Storm Happiness,1
Stock Glass,1
Sinners Atlantis,1
Monterey Labyrinth,1
Hours Rage,1
Driving Polish,1
Grease Youth,1
West Lion,1
Ghost Groundhog,1
Snatch Slipper,1
Horn Working,1
Lovely Jingle,1
Hawk Chill,1
Terminator Club,1
Rushmore Mermaid,1
Deer Virginian,1
Alter Victory,1
Darkness War,1
Mother Oleander,1
Falcon Volume,1
Shanghai Tycoon,1
Attacks Hate,1
Paycheck Wait,1
Rider Caddyshack,1
Drifter Commandments,1
Swarm Gold,1
Married Go,1
License Weekend,1
Badman Dawn,1
United Pilot,1
Scorpion Apollo,1
Atlantis Cause,1
Timberland Sky,1
Feud Frogmen,1
Reservoir Adaptation,1
Celebrity Horn,1
Mystic Truman,1
Straight Hours,1
Holy Tadpole,1
Goldmine Tycoon,1
Punk Divorce,1
Oklahoma Jumanji,1
Extraordinary Conquerer,1
Liaisons Sweet,1
Godfather Diary,1
Chasing Fight,1
Others Soup,1
Wagon Jaws,1
Hobbit Alien,1
Gone Trouble,1
Anonymous Human,1
Metal Armageddon,1
Grapes Fury,1
Goldfinger Sensibility,1
Whisperer Giant,1
Sting Personal,1
Deliverance Mulholland,1
Craft Outfield,1
Dogma Family,1
Cranes Reservoir,1
Salute Apollo,1
Frogmen Breaking,1
Spoilers Hellfighters,1
Towers Hurricane,1
Potluck Mixed,1
Intentions Empire,1
Gilbert Pelican,1
Durham Panky,1
Blood Argonauts,1
Comforts Rush,1
Movie Shakespeare,1
House Dynamite,1
Sister Freddy,1
Saddle Antitrust,1
Madigan Dorado,1
Panky Submarine,1
Caper Motions,1
Side Ark,1
Wake Jaws,1
Stranger Strangers,1
Raging Airplane,1
Confessions Maguire,1
Monster Spartacus,1
Connection Microcosmos,1
Handicap Boondock,1
Madison Trap,1
Duck Racer,1
State Wasteland,1
Confused Candles,1
Muscle Bright,1
Hollow Jeopardy,1
Clash Freddy,1
Elephant Trojan,1
Sundance Invasion,1
Idols Snatchers,1
Snowman Rollercoaster,1
Freaky Pocus,1
Conspiracy Spirit,1
Soup Wisdom,1
Hate Handicap,1
Notting Speakeasy,1
Story Side,1
Ending Crowds,1
Mulholland Beast,1
Calendar Gunfight,1
Birds Perdition,1
Destination Jerk,1
Smile Earring,1
Maude Mod,1
Party Knock,1
Dying Maker,1
Fugitive Maguire,1
Tomorrow Hustler,1
Doubtfire Labyrinth,1
Park Citizen,1
Full Flatliners,1
Savannah Town,1
Virginian Pluto,1
Dynamite Tarzan,1
Expecations Natural,1
North Tequila,1
Oleander Clue,1
Anaconda Confessions,1
Chicago North,1
Circus Youth,1
Secret Groundhog,1
Murder Antitrust,1
Nemo Campus,1
Slipper Fidelity,1
Road Roxanne,1
Beauty Grease,1
Right Cranes,1
River Outlaw,1
Intolerable Intentions,1
Idaho Love,1
Detective Vision,1
Balloon Homeward,1
Christmas Moonshine,1
Mockingbird Hollywood,1
Lover Truman,1
Gathering Calendar,1
Drums Dynamite,1
Samurai Lion,1
Pond Seattle,1
Pearl Destiny,1
