customer_first_name,frequency
Marion,2
Jamie,2
Tracy,2
Kelly,2
Leslie,2
Willie,2
Jessie,2
Terry,2
Geraldine,1
Carolyn,1
Nancy,1
Adrian,1
Ray,1
Kenneth,1
Mathew,1
Lydia,1
Jaime,1
Victoria,1
Carlos,1
Grace,1
Tammy,1
Steve,1
Vernon,1
Justin,1
Susan,1
Tony,1
Wayne,1
Irma,1
Sherri,1
Rita,1
Jenny,1
Renee,1
Bobby,1
Henry,1
Wendy,1
Kyle,1
Dan,1
Herbert,1
Lillie,1
Leona,1
Loretta,1
Jennie,1
Minnie,1
Lloyd,1
Shelly,1
Jorge,1
Bobbie,1
Brad,1
Louis,1
Andrea,1
Kimberly,1
Maurice,1
Brittany,1
Vanessa,1
Roberto,1
Ethel,1
Betty,1
Alicia,1
Valerie,1
Jeff,1
Gilbert,1
Nellie,1
Andy,1
Jesus,1
Christina,1
Robert,1
Ian,1
Jesse,1
Kurt,1
Morris,1
Maria,1
Glenda,1
Lauren,1
Elizabeth,1
Donna,1
Victor,1
Doris,1
Kathryn,1
Gloria,1
Denise,1
Carmen,1
Franklin,1
Pauline,1
Duane,1
Maxine,1
Sue,1
Kathy,1
Naomi,1
Gerald,1
Arlene,1
Agnes,1
Danielle,1
Don,1
Charles,1
Gwendolyn,1
Amanda,1
Gertrude,1
Nora,1
Karen,1
Perry,1
Craig,1
Byron,1
Chester,1
Patsy,1
Dianne,1
Walter,1
Ella,1
Edgar,1
Bruce,1
Gary,1
Lillian,1
Lynn,1
Sherry,1
Jeremy,1
Louise,1
James,1
Darryl,1
Janet,1
Daniel,1
Benjamin,1
Rose,1
Milton,1
Diana,1
Beverly,1
Annette,1
Robin,1
Lois,1
Samuel,1
Mario,1
Vincent,1
Laurie,1
Hugh,1
Tyrone,1
Dale,1
Judy,1
Connie,1
Felix,1
Andre,1
Bessie,1
Rosemary,1
Kent,1
Shirley,1
Douglas,1
Claudia,1
Peggy,1
Marsha,1
Terri,1
Willard,1
Billie,1
Isaac,1
Velma,1
Elsie,1
Tina,1
Richard,1
Sharon,1
Esther,1
Leonard,1
Andrew,1
Melanie,1
Bryan,1
Billy,1
Monica,1
Cheryl,1
Stacy,1
Thomas,1
Francisco,1
Eugene,1
Dustin,1
Jacob,1
Jordan,1
Brett,1
Phyllis,1
Leon,1
Bonnie,1
Nathaniel,1
Jose,1
Jane,1
Eduardo,1
Freddie,1
Eddie,1
Lisa,1
Michael,1
Eileen,1
Dean,1
Mike,1
William,1
Randy,1
Alfredo,1
Melvin,1
Carla,1
Joshua,1
Bernice,1
Jack,1
Crystal,1
Rick,1
Howard,1
Harold,1
Suzanne,1
Beth,1
David,1
Jeffery,1
Darren,1
Christopher,1
Ana,1
Ron,1
Ruben,1
Ramon,1
Wanda,1
Patrick,1
Oscar,1
Edith,1
Debra,1
Tom,1
Jay,1
Gregory,1
Keith,1
Clifford,1
Thelma,1
Eleanor,1
Jill,1
Sandra,1
Paul,1
Miriam,1
Gene,1
Norman,1
Diane,1
Sally,1
Anna,1
Sara,1
Marlene,1
Roland,1
Ronald,1
Stephanie,1
Ross,1
Heidi,1
Constance,1
Ivan,1
Ben,1
Kim,1
Jean,1
Timothy,1
Reginald,1
Frederick,1
Roberta,1
Katie,1
Terrance,1
Melissa,1
Curtis,1
Shannon,1
Deanna,1
Evelyn,1
Ricky,1
Ernest,1
Ann,1
Ashley,1
June,1
Bob,1
Claude,1
Clifton,1
Mattie,1
Jessica,1
Johnny,1
Calvin,1
Everett,1
Leo,1
Allen,1
Angel,1
Gina,1
Kristen,1
Lester,1
Alan,1
Philip,1
Gladys,1
Tamara,1
Tracey,1
Shawn,1
Nelson,1
Barbara,1
Jeanette,1
George,1
Florence,1
Rodney,1
Dolores,1
Kirk,1
Glenn,1
Dennis,1
Jason,1
Brandy,1
Alvin,1
Alexander,1
Larry,1
Sonia,1
Erik,1
Miguel,1
Misty,1
Rosa,1
Jeffrey,1
Joann,1
Sheila,1
Jimmy,1
Viola,1
Julie,1
Dwayne,1
Adam,1
Tommy,1
Tonya,1
Hazel,1
Darrell,1
Matthew,1
Arthur,1
Russell,1
Vera,1
Juanita,1
Sergio,1
Olga,1
Dawn,1
Leroy,1
Erika,1
Austin,1
Lorraine,1
Rachel,1
Karl,1
Tim,1
Donald,1
Virgil,1
Audrey,1
Seth,1
Deborah,1
Ida,1
Ted,1
Ronnie,1
Cory,1
Kevin,1
Cecil,1
Melinda,1
Enrique,1
Julio,1
Floyd,1
Tanya,1
Natalie,1
Marvin,1
Eric,1
Herman,1
Michelle,1
Armando,1
Erica,1
Martha,1
Heather,1
Erin,1
Clarence,1
Allison,1
Jacqueline,1
Joanne,1
Mae,1
Wade,1
Sidney,1
Lance,1
Cathy,1
Clinton,1
Sam,1
Roy,1
Georgia,1
Mildred,1
Tara,1
Ellen,1
Alex,1
Rafael,1
Leah,1
Marilyn,1
Bernard,1
Peter,1
Wilma,1
Rhonda,1
Edwin,1
Bertha,1
Juan,1
Vivian,1
Theresa,1
Janice,1
Marian,1
Darlene,1
Felicia,1
Joy,1
Casey,1
Joe,1
Frank,1
Ruth,1
Jennifer,1
Micheal,1
Stephen,1
Carrie,1
Hilda,1
Dana,1
Todd,1
Tyler,1
Carol,1
Sylvia,1
Jared,1
Dora,1
Jo,1
Myrtle,1
Daryl,1
Chad,1
Margie,1
Marc,1
Harvey,1
Charlie,1
Ryan,1
Marshall,1
Jackie,1
Lawrence,1
Kristina,1
Brent,1
Corey,1
Priscilla,1
Dave,1
Theodore,1
Stella,1
Gordon,1
Barry,1
Norma,1
Raymond,1
Glen,1
Marie,1
Steven,1
Joyce,1
Julian,1
Neil,1
Ken,1
Eva,1
Ralph,1
Sarah,1
Bradley,1
Virginia,1
Albert,1
Ricardo,1
Emily,1
Becky,1
Arnold,1
Harry,1
Terrence,1
Javier,1
Regina,1
Alberto,1
Veronica,1
Anita,1
Katherine,1
Derek,1
Lucy,1
Christian,1
Nicholas,1
Salvador,1
Jerry,1
Dorothy,1
Michele,1
Jeanne,1
Raul,1
Penny,1
Max,1
Carl,1
Christy,1
Anne,1
Lori,1
Mary,1
Margaret,1
Jonathan,1
Beatrice,1
Pedro,1
Lee,1
Aaron,1
Marjorie,1
Ruby,1
Tiffany,1
Jim,1
Stanley,1
Maureen,1
Colleen,1
Carole,1
Lonnie,1
Roger,1
Catherine,1
Elmer,1
Stacey,1
Gail,1
Guy,1
Daisy,1
Kristin,1
Francis,1
Wallace,1
Cassandra,1
Pearl,1
Travis,1
Christine,1
Helen,1
Phillip,1
Megan,1
Cynthia,1
Jimmie,1
Paula,1
Lewis,1
Bill,1
Nina,1
Ramona,1
Courtney,1
April,1
Derrick,1
Brandon,1
Mitchell,1
Gabriel,1
Wesley,1
Irene,1
Nathan,1
Marcia,1
Martin,1
Antonio,1
Chris,1
Joseph,1
Marcus,1
Nicole,1
Fred,1
Toni,1
Joan,1
Brenda,1
Shane,1
Edna,1
Mark,1
Manuel,1
Alice,1
Linda,1
Anthony,1
Caroline,1
Kathleen,1
Joel,1
Laura,1
Mabel,1
Fernando,1
Jon,1
Hector,1
Zachary,1
Rebecca,1
Pamela,1
Vickie,1
Samantha,1
Clara,1
Elaine,1
Scott,1
John,1
Holly,1
Troy,1
Patricia,1
Dwight,1
Alfred,1
Debbie,1
Allan,1
Cody,1
Clayton,1
Clyde,1
Jerome,1
Delores,1
Vicki,1
Randall,1
Alma,1
Julia,1
Yvonne,1
Yolanda,1
Lucille,1
Annie,1
Emma,1
Charlotte,1
Judith,1
Kay,1
Teresa,1
Sean,1
Lena,1
Greg,1
Brian,1
Charlene,1
Frances,1
Violet,1
Josephine,1
Angela,1
Warren,1
Danny,1
Luis,1
Amber,1
Johnnie,1
Edward,1
Cindy,1
Amy,1
Earl,1
Rene,1
